model,curve,x,y
Initial,roc,0.0,0.0
Initial,roc,0.0,0.29746
Initial,roc,0.0,0.41645
Initial,roc,0.0,0.49694
Initial,roc,0.0,0.56605
Initial,roc,0.00087,0.6133
Initial,roc,0.00175,0.65967
Initial,roc,0.00175,0.69116
Initial,roc,0.00175,0.71391
Initial,roc,0.00175,0.74103
Initial,roc,0.00175,0.76115
Initial,roc,0.00525,0.7769
Initial,roc,0.00525,0.79003
Initial,roc,0.00525,0.80577
Initial,roc,0.007,0.8154
Initial,roc,0.007,0.82852
Initial,roc,0.007,0.84252
Initial,roc,0.00787,0.84952
Initial,roc,0.00787,0.86789
Initial,roc,0.00875,0.87402
Initial,roc,0.00962,0.88626
Initial,roc,0.00962,0.89501
Initial,roc,0.0105,0.89851
Initial,roc,0.01137,0.90376
Initial,roc,0.01137,0.90726
Initial,roc,0.01137,0.91164
Initial,roc,0.01225,0.91776
Initial,roc,0.01312,0.92038
Initial,roc,0.01312,0.92213
Initial,roc,0.014,0.92826
Initial,roc,0.0175,0.93438
Initial,roc,0.01925,0.93701
Initial,roc,0.02012,0.93963
Initial,roc,0.021,0.94488
Initial,roc,0.02187,0.94663
Initial,roc,0.02275,0.94926
Initial,roc,0.0245,0.95101
Initial,roc,0.02625,0.95188
Initial,roc,0.02625,0.95538
Initial,roc,0.028,0.95801
Initial,roc,0.02975,0.95976
Initial,roc,0.02975,0.96238
Initial,roc,0.02975,0.96325
Initial,roc,0.03412,0.965
Initial,roc,0.035,0.965
Initial,roc,0.035,0.96588
Initial,roc,0.03675,0.96763
Initial,roc,0.0385,0.9685
Initial,roc,0.04024,0.97025
Initial,roc,0.04287,0.97025
Initial,roc,0.04374,0.972
Initial,roc,0.04637,0.97288
Initial,roc,0.05074,0.97288
Initial,roc,0.05599,0.97638
Initial,roc,0.05862,0.97725
Initial,roc,0.06037,0.97725
Initial,roc,0.06299,0.97725
Initial,roc,0.06649,0.97813
Initial,roc,0.06824,0.97988
Initial,roc,0.07174,0.98163
Initial,roc,0.07437,0.9825
Initial,roc,0.07524,0.98338
Initial,roc,0.07699,0.98338
Initial,roc,0.07787,0.98425
Initial,roc,0.08049,0.98425
Initial,roc,0.08399,0.98425
Initial,roc,0.08924,0.986
Initial,roc,0.09186,0.986
Initial,roc,0.09274,0.98688
Initial,roc,0.09624,0.98688
Initial,roc,0.10324,0.98688
Initial,roc,0.10849,0.98688
Initial,roc,0.11199,0.98863
Initial,roc,0.11986,0.9895
Initial,roc,0.13211,0.9895
Initial,roc,0.13561,0.9895
Initial,roc,0.13823,0.9895
Initial,roc,0.14436,0.9895
Initial,roc,0.15398,0.99213
Initial,roc,0.16273,0.993
Initial,roc,0.1671,0.99388
Initial,roc,0.18285,0.99388
Initial,roc,0.19248,0.99475
Initial,roc,0.21522,0.99563
Initial,roc,0.22397,0.9965
Initial,roc,0.24409,0.9965
Initial,roc,0.25897,0.99738
Initial,roc,0.27997,0.99825
Initial,roc,0.30534,0.99825
Initial,roc,0.33158,1.0
Initial,roc,0.36483,1.0
Initial,roc,0.4112,1.0
Initial,roc,0.46282,1.0
Initial,roc,0.52756,1.0
Initial,roc,0.60805,1.0
Initial,roc,0.72878,1.0
Initial,roc,1.0,1.0
Initial,pr,1.0,0.5
Initial,pr,1.0,0.57844
Initial,pr,1.0,0.62187
Initial,pr,1.0,0.65464
Initial,pr,1.0,0.68361
Initial,pr,1.0,0.70862
Initial,pr,1.0,0.73269
Initial,pr,1.0,0.75099
Initial,pr,0.99825,0.76577
Initial,pr,0.99825,0.78097
Initial,pr,0.99738,0.79387
Initial,pr,0.9965,0.80324
Initial,pr,0.9965,0.81649
Initial,pr,0.99563,0.82225
Initial,pr,0.99475,0.83788
Initial,pr,0.99388,0.84461
Initial,pr,0.99388,0.85607
Initial,pr,0.993,0.8592
Initial,pr,0.99213,0.86565
Initial,pr,0.9895,0.87269
Initial,pr,0.9895,0.87742
Initial,pr,0.9895,0.87947
Initial,pr,0.9895,0.88222
Initial,pr,0.9895,0.88706
Initial,pr,0.9895,0.89196
Initial,pr,0.98863,0.89825
Initial,pr,0.98688,0.90096
Initial,pr,0.98688,0.9053
Initial,pr,0.98688,0.91115
Initial,pr,0.98688,0.9141
Initial,pr,0.986,0.91477
Initial,pr,0.986,0.91701
Initial,pr,0.98425,0.92138
Initial,pr,0.98425,0.9244
Initial,pr,0.98425,0.92669
Initial,pr,0.98338,0.92739
Initial,pr,0.98338,0.92893
Initial,pr,0.9825,0.92964
Initial,pr,0.98163,0.93189
Initial,pr,0.97988,0.93489
Initial,pr,0.97813,0.93635
Initial,pr,0.97725,0.93944
Initial,pr,0.97725,0.94182
Initial,pr,0.97725,0.94341
Initial,pr,0.97638,0.94576
Initial,pr,0.97288,0.95043
Initial,pr,0.97288,0.95451
Initial,pr,0.972,0.95693
Initial,pr,0.97025,0.95769
Initial,pr,0.97025,0.96017
Initial,pr,0.9685,0.96177
Initial,pr,0.96763,0.96341
Initial,pr,0.96675,0.96422
Initial,pr,0.96588,0.96503
Initial,pr,0.965,0.965
Initial,pr,0.965,0.96585
Initial,pr,0.96325,0.97004
Initial,pr,0.96238,0.97002
Initial,pr,0.95976,0.96994
Initial,pr,0.95801,0.97161
Initial,pr,0.95538,0.97326
Initial,pr,0.95188,0.97317
Initial,pr,0.95101,0.97489
Initial,pr,0.94926,0.9766
Initial,pr,0.94663,0.97742
Initial,pr,0.94488,0.97826
Initial,pr,0.93963,0.97903
Initial,pr,0.93701,0.97987
Initial,pr,0.93438,0.98162
Initial,pr,0.92826,0.98514
Initial,pr,0.92213,0.98597
Initial,pr,0.92038,0.98594
Initial,pr,0.91776,0.98683
Initial,pr,0.91164,0.98768
Initial,pr,0.90726,0.98762
Initial,pr,0.90376,0.98757
Initial,pr,0.89851,0.98845
Initial,pr,0.89501,0.98936
Initial,pr,0.88626,0.98926
Initial,pr,0.87402,0.99009
Initial,pr,0.86789,0.99101
Initial,pr,0.86177,0.99095
Initial,pr,0.85564,0.99088
Initial,pr,0.84952,0.99082
Initial,pr,0.84252,0.99176
Initial,pr,0.83552,0.99169
Initial,pr,0.82852,0.99162
Initial,pr,0.8154,0.99149
Initial,pr,0.80577,0.99353
Initial,pr,0.79003,0.9934
Initial,pr,0.7769,0.99329
Initial,pr,0.76115,0.99771
Initial,pr,0.74103,0.99764
Initial,pr,0.71391,0.99756
Initial,pr,0.69116,0.99747
Initial,pr,0.65967,0.99735
Initial,pr,0.6133,0.99858
Initial,pr,0.56605,1.0
Initial,pr,0.49694,1.0
Initial,pr,0.41645,1.0
Initial,pr,0.29746,1.0
Initial,pr,0.0,1.0
Tuned,roc,0.0,0.0
Tuned,roc,0.0,0.14961
Tuned,roc,0.0,0.15223
Tuned,roc,0.0,0.15486
Tuned,roc,0.0,0.16098
Tuned,roc,0.0,0.16185
Tuned,roc,0.0,0.16885
Tuned,roc,0.0,0.16973
Tuned,roc,0.0,0.17235
Tuned,roc,0.0,0.17848
Tuned,roc,0.0,0.18198
Tuned,roc,0.0,0.18548
Tuned,roc,0.0,0.18898
Tuned,roc,0.0,0.1916
Tuned,roc,0.0,0.19335
Tuned,roc,0.0,0.19685
Tuned,roc,0.0,0.2021
Tuned,roc,0.0,0.2056
Tuned,roc,0.0,0.20647
Tuned,roc,0.0,0.20822
Tuned,roc,0.0,0.20997
Tuned,roc,0.0,0.21172
Tuned,roc,0.0,0.21522
Tuned,roc,0.0,0.22922
Tuned,roc,0.0,0.2301
Tuned,roc,0.0,0.2336
Tuned,roc,0.0,0.23447
Tuned,roc,0.0,0.2371
Tuned,roc,0.0,0.24059
Tuned,roc,0.0,0.24497
Tuned,roc,0.0,0.24759
Tuned,roc,0.0,0.25022
Tuned,roc,0.0,0.25197
Tuned,roc,0.0,0.25634
Tuned,roc,0.0,0.25809
Tuned,roc,0.0,0.26247
Tuned,roc,0.0,0.26684
Tuned,roc,0.0,0.26772
Tuned,roc,0.0,0.27034
Tuned,roc,0.0,0.27384
Tuned,roc,0.0,0.27559
Tuned,roc,0.0,0.27909
Tuned,roc,0.0,0.28346
Tuned,roc,0.0,0.28609
Tuned,roc,0.0,0.29046
Tuned,roc,0.0,0.29221
Tuned,roc,0.0,0.29746
Tuned,roc,0.0,0.30709
Tuned,roc,0.0,0.30884
Tuned,roc,0.0,0.30971
Tuned,roc,0.0,0.31146
Tuned,roc,0.0,0.31234
Tuned,roc,0.0,0.31671
Tuned,roc,0.0,0.32021
Tuned,roc,0.0,0.32196
Tuned,roc,0.0,0.32283
Tuned,roc,0.0,0.32458
Tuned,roc,0.0,0.32808
Tuned,roc,0.0,0.32983
Tuned,roc,0.0,0.33158
Tuned,roc,0.0,0.33421
Tuned,roc,0.0,0.33683
Tuned,roc,0.0,0.33858
Tuned,roc,0.0,0.34908
Tuned,roc,0.0,0.35083
Tuned,roc,0.0,0.35258
Tuned,roc,0.0,0.35433
Tuned,roc,0.0,0.35696
Tuned,roc,0.0,0.35958
Tuned,roc,0.0,0.36308
Tuned,roc,0.0,0.36483
Tuned,roc,0.0,0.37183
Tuned,roc,0.0,0.37358
Tuned,roc,0.0,0.37708
Tuned,roc,0.0,0.38058
Tuned,roc,0.0,0.38233
Tuned,roc,0.0,0.38408
Tuned,roc,0.0,0.39195
Tuned,roc,0.0,0.3937
Tuned,roc,0.0,0.3972
Tuned,roc,0.0,0.39895
Tuned,roc,0.0,0.41907
Tuned,roc,0.0,0.42082
Tuned,roc,0.0,0.42607
Tuned,roc,0.0,0.42782
Tuned,roc,0.0,0.4287
Tuned,roc,0.0,0.43045
Tuned,roc,0.0,0.43745
Tuned,roc,0.0,0.4392
Tuned,roc,0.0,0.44619
Tuned,roc,0.0,0.44794
Tuned,roc,0.0,0.46019
Tuned,roc,0.0,0.46194
Tuned,roc,0.0,0.46982
Tuned,roc,0.0,0.47244
Tuned,roc,0.0,0.48469
Tuned,roc,0.0,0.48644
Tuned,roc,0.0,0.50656
Tuned,roc,0.0,0.50919
Tuned,roc,0.0,0.51531
Tuned,roc,0.0,0.51706
Tuned,roc,0.0,0.56693
Tuned,roc,0.0,0.56868
Tuned,roc,0.0,0.58005
Tuned,roc,0.00087,0.58005
Tuned,roc,0.00087,0.5993
Tuned,roc,0.00175,0.5993
Tuned,roc,0.00175,0.61855
Tuned,roc,0.00175,0.6203
Tuned,roc,0.00175,0.6343
Tuned,roc,0.00175,0.63605
Tuned,roc,0.00175,0.64129
Tuned,roc,0.00262,0.64129
Tuned,roc,0.00262,0.64567
Tuned,roc,0.00262,0.64742
Tuned,roc,0.00262,0.65354
Tuned,roc,0.0035,0.65354
Tuned,roc,0.0035,0.66842
Tuned,roc,0.0035,0.67017
Tuned,roc,0.0035,0.71741
Tuned,roc,0.0035,0.71916
Tuned,roc,0.0035,0.75066
Tuned,roc,0.00437,0.75066
Tuned,roc,0.00437,0.75678
Tuned,roc,0.00525,0.75678
Tuned,roc,0.00525,0.7664
Tuned,roc,0.00525,0.76815
Tuned,roc,0.00525,0.7699
Tuned,roc,0.00612,0.77078
Tuned,roc,0.00612,0.78653
Tuned,roc,0.00612,0.78828
Tuned,roc,0.00612,0.80052
Tuned,roc,0.007,0.80052
Tuned,roc,0.007,0.82415
Tuned,roc,0.00787,0.82415
Tuned,roc,0.00787,0.82677
Tuned,roc,0.00787,0.82852
Tuned,roc,0.00787,0.8399
Tuned,roc,0.00875,0.8399
Tuned,roc,0.00875,0.86964
Tuned,roc,0.00962,0.86964
Tuned,roc,0.00962,0.89851
Tuned,roc,0.0105,0.89851
Tuned,roc,0.0105,0.90114
Tuned,roc,0.01137,0.90114
Tuned,roc,0.01137,0.90639
Tuned,roc,0.01225,0.90639
Tuned,roc,0.01225,0.91426
Tuned,roc,0.01312,0.91426
Tuned,roc,0.01312,0.91864
Tuned,roc,0.014,0.91864
Tuned,roc,0.014,0.92651
Tuned,roc,0.01487,0.92651
Tuned,roc,0.01487,0.92826
Tuned,roc,0.01575,0.92826
Tuned,roc,0.01575,0.93263
Tuned,roc,0.01662,0.93263
Tuned,roc,0.01662,0.93438
Tuned,roc,0.01925,0.93438
Tuned,roc,0.01925,0.93526
Tuned,roc,0.021,0.93526
Tuned,roc,0.021,0.93788
Tuned,roc,0.02187,0.93788
Tuned,roc,0.02187,0.93876
Tuned,roc,0.02275,0.93876
Tuned,roc,0.02275,0.94138
Tuned,roc,0.02362,0.94138
Tuned,roc,0.02362,0.95363
Tuned,roc,0.0245,0.95363
Tuned,roc,0.0245,0.95451
Tuned,roc,0.02537,0.95451
Tuned,roc,0.02537,0.95713
Tuned,roc,0.02625,0.95713
Tuned,roc,0.02625,0.95801
Tuned,roc,0.02712,0.95801
Tuned,roc,0.02712,0.96063
Tuned,roc,0.03237,0.96063
Tuned,roc,0.03237,0.96238
Tuned,roc,0.035,0.96238
Tuned,roc,0.035,0.965
Tuned,roc,0.03675,0.965
Tuned,roc,0.03675,0.96588
Tuned,roc,0.03762,0.96588
Tuned,roc,0.03762,0.96675
Tuned,roc,0.0385,0.96675
Tuned,roc,0.0385,0.96763
Tuned,roc,0.03937,0.96763
Tuned,roc,0.03937,0.97113
Tuned,roc,0.04199,0.97113
Tuned,roc,0.04199,0.972
Tuned,roc,0.04462,0.972
Tuned,roc,0.04462,0.97288
Tuned,roc,0.05337,0.97288
Tuned,roc,0.05337,0.97375
Tuned,roc,0.05687,0.97375
Tuned,roc,0.05687,0.97463
Tuned,roc,0.06124,0.97463
Tuned,roc,0.06124,0.9755
Tuned,roc,0.06212,0.9755
Tuned,roc,0.06212,0.97638
Tuned,roc,0.06299,0.97638
Tuned,roc,0.06299,0.979
Tuned,roc,0.06387,0.979
Tuned,roc,0.06387,0.97988
Tuned,roc,0.06474,0.97988
Tuned,roc,0.06474,0.98075
Tuned,roc,0.06562,0.98075
Tuned,roc,0.06562,0.98163
Tuned,roc,0.06912,0.98163
Tuned,roc,0.06912,0.98338
Tuned,roc,0.08486,0.98338
Tuned,roc,0.08486,0.98425
Tuned,roc,0.09011,0.98425
Tuned,roc,0.09011,0.98513
Tuned,roc,0.10674,0.98513
Tuned,roc,0.10674,0.986
Tuned,roc,0.10936,0.986
Tuned,roc,0.10936,0.98688
Tuned,roc,0.12161,0.98688
Tuned,roc,0.12161,0.98775
Tuned,roc,0.12423,0.98775
Tuned,roc,0.12423,0.98863
Tuned,roc,0.12861,0.98863
Tuned,roc,0.12861,0.9895
Tuned,roc,0.16973,0.9895
Tuned,roc,0.16973,0.99038
Tuned,roc,0.19598,0.99038
Tuned,roc,0.19773,0.99038
Tuned,roc,0.19773,0.99125
Tuned,roc,0.2056,0.99125
Tuned,roc,0.20735,0.99125
Tuned,roc,0.22222,0.99125
Tuned,roc,0.22222,0.99213
Tuned,roc,0.22397,0.99213
Tuned,roc,0.22397,0.993
Tuned,roc,0.23272,0.993
Tuned,roc,0.23272,0.99475
Tuned,roc,0.24234,0.99475
Tuned,roc,0.24234,0.99563
Tuned,roc,0.25459,0.99563
Tuned,roc,0.25459,0.9965
Tuned,roc,0.25897,0.9965
Tuned,roc,0.25897,0.99738
Tuned,roc,0.26072,0.99738
Tuned,roc,0.26072,0.99825
Tuned,roc,0.29134,0.99825
Tuned,roc,0.29134,0.99913
Tuned,roc,0.36658,0.99913
Tuned,roc,0.36833,0.99913
Tuned,roc,0.4042,0.99913
Tuned,roc,0.4042,1.0
Tuned,roc,0.44269,1.0
Tuned,roc,0.44444,1.0
Tuned,roc,0.44532,1.0
Tuned,roc,0.44707,1.0
Tuned,roc,0.46544,1.0
Tuned,roc,0.46719,1.0
Tuned,roc,0.47857,1.0
Tuned,roc,0.48031,1.0
Tuned,roc,0.51094,1.0
Tuned,roc,0.51269,1.0
Tuned,roc,0.52756,1.0
Tuned,roc,0.52931,1.0
Tuned,roc,0.54068,1.0
Tuned,roc,0.54418,1.0
Tuned,roc,0.56168,1.0
Tuned,roc,0.56343,1.0
Tuned,roc,0.5748,1.0
Tuned,roc,0.5783,1.0
Tuned,roc,0.57918,1.0
Tuned,roc,0.58093,1.0
Tuned,roc,0.5888,1.0
Tuned,roc,0.5923,1.0
Tuned,roc,0.60017,1.0
Tuned,roc,0.6028,1.0
Tuned,roc,0.60892,1.0
Tuned,roc,0.61067,1.0
Tuned,roc,0.61592,1.0
Tuned,roc,0.61942,1.0
Tuned,roc,0.63517,1.0
Tuned,roc,0.6378,1.0
Tuned,roc,0.64217,1.0
Tuned,roc,0.64567,1.0
Tuned,roc,0.64742,1.0
Tuned,roc,0.65004,1.0
Tuned,roc,0.65442,1.0
Tuned,roc,0.65617,1.0
Tuned,roc,0.65879,1.0
Tuned,roc,0.66054,1.0
Tuned,roc,0.66142,1.0
Tuned,roc,0.66317,1.0
Tuned,roc,0.66754,1.0
Tuned,roc,0.66929,1.0
Tuned,roc,0.67454,1.0
Tuned,roc,0.67629,1.0
Tuned,roc,0.67804,1.0
Tuned,roc,0.68154,1.0
Tuned,roc,0.68329,1.0
Tuned,roc,0.68766,1.0
Tuned,roc,0.68941,1.0
Tuned,roc,0.69116,1.0
Tuned,roc,0.69291,1.0
Tuned,roc,0.69729,1.0
Tuned,roc,0.69816,1.0
Tuned,roc,0.69991,1.0
Tuned,roc,0.70254,1.0
Tuned,roc,0.70429,1.0
Tuned,roc,0.70954,1.0
Tuned,roc,0.71129,1.0
Tuned,roc,0.71566,1.0
Tuned,roc,0.71916,1.0
Tuned,roc,0.72178,1.0
Tuned,roc,0.72353,1.0
Tuned,roc,0.72441,1.0
Tuned,roc,0.72616,1.0
Tuned,roc,0.72878,1.0
Tuned,roc,0.73666,1.0
Tuned,roc,0.74103,1.0
Tuned,roc,0.74278,1.0
Tuned,roc,0.74978,1.0
Tuned,roc,0.75153,1.0
Tuned,roc,0.75328,1.0
Tuned,roc,0.75591,1.0
Tuned,roc,0.75678,1.0
Tuned,roc,0.75853,1.0
Tuned,roc,0.76465,1.0
Tuned,roc,0.7664,1.0
Tuned,roc,0.76815,1.0
Tuned,roc,0.79528,1.0
Tuned,roc,0.79703,1.0
Tuned,roc,0.8014,1.0
Tuned,roc,0.80315,1.0
Tuned,roc,0.80577,1.0
Tuned,roc,0.80752,1.0
Tuned,roc,0.81015,1.0
Tuned,roc,0.8119,1.0
Tuned,roc,0.81715,1.0
Tuned,roc,0.8189,1.0
Tuned,roc,0.82065,1.0
Tuned,roc,0.82327,1.0
Tuned,roc,0.82852,1.0
Tuned,roc,0.83027,1.0
Tuned,roc,0.8329,1.0
Tuned,roc,0.83377,1.0
Tuned,roc,0.84864,1.0
Tuned,roc,0.84952,1.0
Tuned,roc,0.85214,1.0
Tuned,roc,0.85389,1.0
Tuned,roc,0.85477,1.0
Tuned,roc,0.86352,1.0
Tuned,roc,0.86527,1.0
Tuned,roc,0.87489,1.0
Tuned,roc,0.88189,1.0
Tuned,roc,0.88714,1.0
Tuned,roc,0.88889,1.0
Tuned,roc,1.0,1.0
Tuned,pr,1.0,0.5
Tuned,pr,1.0,0.52941
Tuned,pr,1.0,0.5299
Tuned,pr,1.0,0.53138
Tuned,pr,1.0,0.53336
Tuned,pr,1.0,0.53612
Tuned,pr,1.0,0.53637
Tuned,pr,1.0,0.53662
Tuned,pr,1.0,0.53915
Tuned,pr,1.0,0.53941
Tuned,pr,1.0,0.53991
Tuned,pr,1.0,0.54068
Tuned,pr,1.0,0.54094
Tuned,pr,1.0,0.54532
Tuned,pr,1.0,0.54558
Tuned,pr,1.0,0.54637
Tuned,pr,1.0,0.54689
Tuned,pr,1.0,0.54768
Tuned,pr,1.0,0.54846
Tuned,pr,1.0,0.54873
Tuned,pr,1.0,0.54899
Tuned,pr,1.0,0.54926
Tuned,pr,1.0,0.54978
Tuned,pr,1.0,0.55005
Tuned,pr,1.0,0.55031
Tuned,pr,1.0,0.55191
Tuned,pr,1.0,0.55217
Tuned,pr,1.0,0.55244
Tuned,pr,1.0,0.55324
Tuned,pr,1.0,0.55351
Tuned,pr,1.0,0.55378
Tuned,pr,1.0,0.55459
Tuned,pr,1.0,0.55512
Tuned,pr,1.0,0.55539
Tuned,pr,1.0,0.55566
Tuned,pr,1.0,0.55593
Tuned,pr,1.0,0.5562
Tuned,pr,1.0,0.55648
Tuned,pr,1.0,0.55702
Tuned,pr,1.0,0.56556
Tuned,pr,1.0,0.56584
Tuned,pr,1.0,0.56612
Tuned,pr,1.0,0.56668
Tuned,pr,1.0,0.56696
Tuned,pr,1.0,0.56725
Tuned,pr,1.0,0.56753
Tuned,pr,1.0,0.56781
Tuned,pr,1.0,0.56809
Tuned,pr,1.0,0.56837
Tuned,pr,1.0,0.56866
Tuned,pr,1.0,0.56922
Tuned,pr,1.0,0.56951
Tuned,pr,1.0,0.57036
Tuned,pr,1.0,0.57064
Tuned,pr,1.0,0.57093
Tuned,pr,1.0,0.5715
Tuned,pr,1.0,0.5738
Tuned,pr,1.0,0.57408
Tuned,pr,1.0,0.57437
Tuned,pr,1.0,0.57582
Tuned,pr,1.0,0.57611
Tuned,pr,1.0,0.5764
Tuned,pr,1.0,0.57669
Tuned,pr,1.0,0.57698
Tuned,pr,1.0,0.57727
Tuned,pr,1.0,0.57756
Tuned,pr,1.0,0.57786
Tuned,pr,1.0,0.57815
Tuned,pr,1.0,0.57844
Tuned,pr,1.0,0.57932
Tuned,pr,1.0,0.57991
Tuned,pr,1.0,0.5802
Tuned,pr,1.0,0.58079
Tuned,pr,1.0,0.58109
Tuned,pr,1.0,0.58138
Tuned,pr,1.0,0.58168
Tuned,pr,1.0,0.58227
Tuned,pr,1.0,0.58287
Tuned,pr,1.0,0.58316
Tuned,pr,1.0,0.58346
Tuned,pr,1.0,0.58376
Tuned,pr,1.0,0.58406
Tuned,pr,1.0,0.58436
Tuned,pr,1.0,0.58495
Tuned,pr,1.0,0.58525
Tuned,pr,1.0,0.58555
Tuned,pr,1.0,0.58585
Tuned,pr,1.0,0.58615
Tuned,pr,1.0,0.58645
Tuned,pr,1.0,0.58676
Tuned,pr,1.0,0.58736
Tuned,pr,1.0,0.58766
Tuned,pr,1.0,0.58796
Tuned,pr,1.0,0.58827
Tuned,pr,1.0,0.58887
Tuned,pr,1.0,0.58918
Tuned,pr,1.0,0.5907
Tuned,pr,1.0,0.59131
Tuned,pr,1.0,0.59161
Tuned,pr,1.0,0.59192
Tuned,pr,1.0,0.59253
Tuned,pr,1.0,0.59284
Tuned,pr,1.0,0.59315
Tuned,pr,1.0,0.59346
Tuned,pr,1.0,0.59377
Tuned,pr,1.0,0.59407
Tuned,pr,1.0,0.59469
Tuned,pr,1.0,0.59593
Tuned,pr,1.0,0.59624
Tuned,pr,1.0,0.59656
Tuned,pr,1.0,0.59718
Tuned,pr,1.0,0.59749
Tuned,pr,1.0,0.5978
Tuned,pr,1.0,0.59812
Tuned,pr,1.0,0.59843
Tuned,pr,1.0,0.59874
Tuned,pr,1.0,0.59906
Tuned,pr,1.0,0.59969
Tuned,pr,1.0,0.6
Tuned,pr,1.0,0.60032
Tuned,pr,1.0,0.60063
Tuned,pr,1.0,0.60095
Tuned,pr,1.0,0.60126
Tuned,pr,1.0,0.6019
Tuned,pr,1.0,0.60221
Tuned,pr,1.0,0.60285
Tuned,pr,1.0,0.60317
Tuned,pr,1.0,0.60348
Tuned,pr,1.0,0.6038
Tuned,pr,1.0,0.60444
Tuned,pr,1.0,0.60476
Tuned,pr,1.0,0.60508
Tuned,pr,1.0,0.6054
Tuned,pr,1.0,0.60572
Tuned,pr,1.0,0.60604
Tuned,pr,1.0,0.60701
Tuned,pr,1.0,0.60733
Tuned,pr,1.0,0.60766
Tuned,pr,1.0,0.60895
Tuned,pr,1.0,0.60928
Tuned,pr,1.0,0.6096
Tuned,pr,1.0,0.60993
Tuned,pr,1.0,0.61025
Tuned,pr,1.0,0.61058
Tuned,pr,1.0,0.61156
Tuned,pr,1.0,0.61188
Tuned,pr,1.0,0.61221
Tuned,pr,1.0,0.61254
Tuned,pr,1.0,0.61287
Tuned,pr,1.0,0.6132
Tuned,pr,1.0,0.61353
Tuned,pr,1.0,0.61386
Tuned,pr,1.0,0.61419
Tuned,pr,1.0,0.61452
Tuned,pr,1.0,0.61485
Tuned,pr,1.0,0.61518
Tuned,pr,1.0,0.61551
Tuned,pr,1.0,0.61584
Tuned,pr,1.0,0.61617
Tuned,pr,1.0,0.6165
Tuned,pr,1.0,0.61684
Tuned,pr,1.0,0.61717
Tuned,pr,1.0,0.6175
Tuned,pr,1.0,0.61817
Tuned,pr,1.0,0.61884
Tuned,pr,1.0,0.61918
Tuned,pr,1.0,0.61951
Tuned,pr,1.0,0.61985
Tuned,pr,1.0,0.62018
Tuned,pr,1.0,0.62052
Tuned,pr,1.0,0.62086
Tuned,pr,1.0,0.62153
Tuned,pr,1.0,0.62187
Tuned,pr,1.0,0.62221
Tuned,pr,1.0,0.62255
Tuned,pr,1.0,0.62289
Tuned,pr,1.0,0.62323
Tuned,pr,1.0,0.62357
Tuned,pr,1.0,0.62391
Tuned,pr,1.0,0.62493
Tuned,pr,1.0,0.62527
Tuned,pr,1.0,0.62562
Tuned,pr,1.0,0.62596
Tuned,pr,1.0,0.6263
Tuned,pr,1.0,0.62664
Tuned,pr,1.0,0.62699
Tuned,pr,1.0,0.62733
Tuned,pr,1.0,0.62768
Tuned,pr,1.0,0.62802
Tuned,pr,1.0,0.62941
Tuned,pr,1.0,0.62975
Tuned,pr,1.0,0.6301
Tuned,pr,1.0,0.63045
Tuned,pr,1.0,0.63079
Tuned,pr,1.0,0.63114
Tuned,pr,1.0,0.63149
Tuned,pr,1.0,0.63184
Tuned,pr,1.0,0.63219
Tuned,pr,1.0,0.63254
Tuned,pr,1.0,0.63324
Tuned,pr,1.0,0.63359
Tuned,pr,1.0,0.6343
Tuned,pr,1.0,0.635
Tuned,pr,1.0,0.63535
Tuned,pr,1.0,0.63571
Tuned,pr,1.0,0.63606
Tuned,pr,1.0,0.63641
Tuned,pr,1.0,0.63677
Tuned,pr,1.0,0.63712
Tuned,pr,1.0,0.63748
Tuned,pr,1.0,0.63783
Tuned,pr,1.0,0.63819
Tuned,pr,1.0,0.63855
Tuned,pr,1.0,0.6389
Tuned,pr,1.0,0.63926
Tuned,pr,1.0,0.63962
Tuned,pr,1.0,0.64034
Tuned,pr,1.0,0.6407
Tuned,pr,1.0,0.64105
Tuned,pr,1.0,0.64141
Tuned,pr,1.0,0.64177
Tuned,pr,1.0,0.64213
Tuned,pr,1.0,0.6425
Tuned,pr,1.0,0.64286
Tuned,pr,1.0,0.64322
Tuned,pr,1.0,0.64358
Tuned,pr,1.0,0.64394
Tuned,pr,1.0,0.64431
Tuned,pr,1.0,0.64467
Tuned,pr,1.0,0.64503
Tuned,pr,1.0,0.6454
Tuned,pr,1.0,0.64576
Tuned,pr,1.0,0.64613
Tuned,pr,1.0,0.64649
Tuned,pr,1.0,0.64686
Tuned,pr,1.0,0.64723
Tuned,pr,1.0,0.64759
Tuned,pr,1.0,0.64906
Tuned,pr,1.0,0.64943
Tuned,pr,1.0,0.6498
Tuned,pr,1.0,0.65017
Tuned,pr,1.0,0.65054
Tuned,pr,1.0,0.65091
Tuned,pr,1.0,0.65128
Tuned,pr,1.0,0.65165
Tuned,pr,1.0,0.65203
Tuned,pr,1.0,0.6524
Tuned,pr,1.0,0.65277
Tuned,pr,1.0,0.65314
Tuned,pr,1.0,0.65352
Tuned,pr,1.0,0.65389
Tuned,pr,1.0,0.65464
Tuned,pr,1.0,0.65501
Tuned,pr,1.0,0.65539
Tuned,pr,1.0,0.65577
Tuned,pr,1.0,0.65614
Tuned,pr,1.0,0.65652
Tuned,pr,1.0,0.6569
Tuned,pr,1.0,0.65727
Tuned,pr,1.0,0.65765
Tuned,pr,1.0,0.65803
Tuned,pr,1.0,0.65841
Tuned,pr,1.0,0.65879
Tuned,pr,1.0,0.65917
Tuned,pr,1.0,0.65955
Tuned,pr,1.0,0.65993
Tuned,pr,1.0,0.66031
Tuned,pr,1.0,0.66069
Tuned,pr,1.0,0.66108
Tuned,pr,1.0,0.66184
Tuned,pr,1.0,0.66222
Tuned,pr,1.0,0.66261
Tuned,pr,1.0,0.66299
Tuned,pr,1.0,0.66338
Tuned,pr,1.0,0.66376
Tuned,pr,1.0,0.66415
Tuned,pr,1.0,0.66453
Tuned,pr,1.0,0.66492
Tuned,pr,1.0,0.66531
Tuned,pr,1.0,0.6657
Tuned,pr,1.0,0.66608
Tuned,pr,1.0,0.66647
Tuned,pr,1.0,0.66686
Tuned,pr,1.0,0.66725
Tuned,pr,1.0,0.66764
Tuned,pr,1.0,0.66803
Tuned,pr,1.0,0.66842
Tuned,pr,1.0,0.66881
Tuned,pr,1.0,0.6692
Tuned,pr,1.0,0.6696
Tuned,pr,1.0,0.66999
Tuned,pr,1.0,0.67038
Tuned,pr,1.0,0.67077
Tuned,pr,1.0,0.67117
Tuned,pr,1.0,0.67156
Tuned,pr,1.0,0.67196
Tuned,pr,1.0,0.67235
Tuned,pr,1.0,0.67275
Tuned,pr,1.0,0.67314
Tuned,pr,1.0,0.67354
Tuned,pr,1.0,0.67394
Tuned,pr,1.0,0.67434
Tuned,pr,1.0,0.67473
Tuned,pr,1.0,0.67513
Tuned,pr,1.0,0.67553
Tuned,pr,1.0,0.67633
Tuned,pr,1.0,0.67673
Tuned,pr,1.0,0.67713
Tuned,pr,1.0,0.67753
Tuned,pr,1.0,0.67794
Tuned,pr,1.0,0.67834
Tuned,pr,1.0,0.67874
Tuned,pr,1.0,0.67914
Tuned,pr,1.0,0.67955
Tuned,pr,1.0,0.67995
Tuned,pr,1.0,0.68036
Tuned,pr,1.0,0.68076
Tuned,pr,1.0,0.68117
Tuned,pr,1.0,0.68157
Tuned,pr,1.0,0.68239
Tuned,pr,1.0,0.6828
Tuned,pr,1.0,0.6832
Tuned,pr,1.0,0.68361
Tuned,pr,1.0,0.68402
Tuned,pr,1.0,0.68443
Tuned,pr,1.0,0.68484
Tuned,pr,1.0,0.68525
Tuned,pr,1.0,0.68566
Tuned,pr,1.0,0.68607
Tuned,pr,1.0,0.68649
Tuned,pr,1.0,0.6869
Tuned,pr,1.0,0.68731
Tuned,pr,1.0,0.68773
Tuned,pr,1.0,0.68814
Tuned,pr,1.0,0.68855
Tuned,pr,1.0,0.68897
Tuned,pr,1.0,0.68938
Tuned,pr,1.0,0.6898
Tuned,pr,1.0,0.69022
Tuned,pr,1.0,0.69063
Tuned,pr,1.0,0.69105
Tuned,pr,1.0,0.69189
Tuned,pr,1.0,0.69231
Tuned,pr,1.0,0.69315
Tuned,pr,1.0,0.69357
Tuned,pr,1.0,0.69399
Tuned,pr,1.0,0.69441
Tuned,pr,1.0,0.69483
Tuned,pr,1.0,0.69526
Tuned,pr,1.0,0.69568
Tuned,pr,1.0,0.6961
Tuned,pr,1.0,0.69653
Tuned,pr,1.0,0.69695
Tuned,pr,1.0,0.69738
Tuned,pr,1.0,0.6978
Tuned,pr,1.0,0.69823
Tuned,pr,1.0,0.69866
Tuned,pr,1.0,0.69908
Tuned,pr,1.0,0.69951
Tuned,pr,1.0,0.69994
Tuned,pr,1.0,0.70037
Tuned,pr,1.0,0.7008
Tuned,pr,1.0,0.70123
Tuned,pr,1.0,0.70166
Tuned,pr,1.0,0.70209
Tuned,pr,1.0,0.70252
Tuned,pr,1.0,0.70295
Tuned,pr,1.0,0.70338
Tuned,pr,1.0,0.70382
Tuned,pr,1.0,0.70425
Tuned,pr,1.0,0.70469
Tuned,pr,1.0,0.70512
Tuned,pr,1.0,0.70556
Tuned,pr,1.0,0.70599
Tuned,pr,1.0,0.70643
Tuned,pr,1.0,0.70686
Tuned,pr,1.0,0.7073
Tuned,pr,1.0,0.70774
Tuned,pr,1.0,0.70818
Tuned,pr,1.0,0.70862
Tuned,pr,1.0,0.70906
Tuned,pr,1.0,0.7095
Tuned,pr,1.0,0.70994
Tuned,pr,1.0,0.71038
Tuned,pr,1.0,0.71082
Tuned,pr,1.0,0.71126
Tuned,pr,1.0,0.71171
Tuned,pr,1.0,0.71215
Tuned,pr,0.99913,0.71197
Tuned,pr,0.99913,0.71241
Tuned,pr,0.99913,0.71286
Tuned,pr,0.99913,0.7133
Tuned,pr,0.99913,0.71375
Tuned,pr,0.99913,0.7142
Tuned,pr,0.99913,0.71464
Tuned,pr,0.99913,0.71509
Tuned,pr,0.99913,0.71554
Tuned,pr,0.99913,0.71599
Tuned,pr,0.99913,0.71644
Tuned,pr,0.99913,0.71689
Tuned,pr,0.99913,0.71734
Tuned,pr,0.99913,0.71779
Tuned,pr,0.99913,0.71824
Tuned,pr,0.99913,0.71869
Tuned,pr,0.99913,0.71914
Tuned,pr,0.99913,0.7196
Tuned,pr,0.99913,0.72005
Tuned,pr,0.99913,0.7205
Tuned,pr,0.99913,0.72096
Tuned,pr,0.99913,0.72142
Tuned,pr,0.99913,0.72187
Tuned,pr,0.99913,0.72233
Tuned,pr,0.99913,0.72278
Tuned,pr,0.99913,0.72324
Tuned,pr,0.99913,0.7237
Tuned,pr,0.99913,0.72416
Tuned,pr,0.99913,0.72462
Tuned,pr,0.99913,0.72508
Tuned,pr,0.99913,0.72554
Tuned,pr,0.99913,0.726
Tuned,pr,0.99913,0.72646
Tuned,pr,0.99913,0.72693
Tuned,pr,0.99913,0.72739
Tuned,pr,0.99913,0.72785
Tuned,pr,0.99913,0.72832
Tuned,pr,0.99913,0.72878
Tuned,pr,0.99913,0.72925
Tuned,pr,0.99913,0.72971
Tuned,pr,0.99913,0.73018
Tuned,pr,0.99913,0.73065
Tuned,pr,0.99913,0.73158
Tuned,pr,0.99913,0.73205
Tuned,pr,0.99913,0.73252
Tuned,pr,0.99913,0.73299
Tuned,pr,0.99913,0.73346
Tuned,pr,0.99913,0.73393
Tuned,pr,0.99913,0.73441
Tuned,pr,0.99913,0.73488
Tuned,pr,0.99913,0.73535
Tuned,pr,0.99913,0.73582
Tuned,pr,0.99913,0.7363
Tuned,pr,0.99913,0.73677
Tuned,pr,0.99913,0.73725
Tuned,pr,0.99913,0.73773
Tuned,pr,0.99913,0.7382
Tuned,pr,0.99913,0.73868
Tuned,pr,0.99913,0.73916
Tuned,pr,0.99913,0.73964
Tuned,pr,0.99913,0.74012
Tuned,pr,0.99913,0.7406
Tuned,pr,0.99913,0.74108
Tuned,pr,0.99913,0.74156
Tuned,pr,0.99913,0.74204
Tuned,pr,0.99913,0.74252
Tuned,pr,0.99913,0.74301
Tuned,pr,0.99913,0.74349
Tuned,pr,0.99913,0.74397
Tuned,pr,0.99913,0.74446
Tuned,pr,0.99913,0.74494
Tuned,pr,0.99913,0.74543
Tuned,pr,0.99913,0.74592
Tuned,pr,0.99913,0.74641
Tuned,pr,0.99913,0.74689
Tuned,pr,0.99913,0.74738
Tuned,pr,0.99913,0.74787
Tuned,pr,0.99913,0.74836
Tuned,pr,0.99913,0.74885
Tuned,pr,0.99913,0.74934
Tuned,pr,0.99913,0.74984
Tuned,pr,0.99913,0.75033
Tuned,pr,0.99913,0.75082
Tuned,pr,0.99913,0.75132
Tuned,pr,0.99913,0.75181
Tuned,pr,0.99913,0.75231
Tuned,pr,0.99913,0.7528
Tuned,pr,0.99913,0.7533
Tuned,pr,0.99913,0.7538
Tuned,pr,0.99913,0.75429
Tuned,pr,0.99913,0.75479
Tuned,pr,0.99913,0.75529
Tuned,pr,0.99913,0.75579
Tuned,pr,0.99913,0.75629
Tuned,pr,0.99913,0.75679
Tuned,pr,0.99913,0.75729
Tuned,pr,0.99913,0.7578
Tuned,pr,0.99913,0.7583
Tuned,pr,0.99913,0.7588
Tuned,pr,0.99913,0.75931
Tuned,pr,0.99913,0.75981
Tuned,pr,0.99913,0.76032
Tuned,pr,0.99913,0.76083
Tuned,pr,0.99913,0.76133
Tuned,pr,0.99913,0.76184
Tuned,pr,0.99913,0.76235
Tuned,pr,0.99913,0.76286
Tuned,pr,0.99913,0.76337
Tuned,pr,0.99913,0.76388
Tuned,pr,0.99913,0.76439
Tuned,pr,0.99913,0.7649
Tuned,pr,0.99913,0.76542
Tuned,pr,0.99913,0.76593
Tuned,pr,0.99913,0.76644
Tuned,pr,0.99913,0.76696
Tuned,pr,0.99913,0.76747
Tuned,pr,0.99913,0.76799
Tuned,pr,0.99913,0.76851
Tuned,pr,0.99913,0.76902
Tuned,pr,0.99913,0.76954
Tuned,pr,0.99913,0.77006
Tuned,pr,0.99913,0.77058
Tuned,pr,0.99913,0.7711
Tuned,pr,0.99913,0.77162
Tuned,pr,0.99913,0.77214
Tuned,pr,0.99913,0.77267
Tuned,pr,0.99913,0.77319
Tuned,pr,0.99913,0.77371
Tuned,pr,0.99913,0.77424
Tuned,pr,0.99825,0.77408
Tuned,pr,0.99825,0.77461
Tuned,pr,0.99825,0.77514
Tuned,pr,0.99825,0.77566
Tuned,pr,0.99825,0.77619
Tuned,pr,0.99825,0.77672
Tuned,pr,0.99825,0.77725
Tuned,pr,0.99825,0.77778
Tuned,pr,0.99825,0.77831
Tuned,pr,0.99825,0.77884
Tuned,pr,0.99825,0.77937
Tuned,pr,0.99825,0.7799
Tuned,pr,0.99825,0.78044
Tuned,pr,0.99825,0.78097
Tuned,pr,0.99825,0.78151
Tuned,pr,0.99825,0.78204
Tuned,pr,0.99825,0.78258
Tuned,pr,0.99825,0.78312
Tuned,pr,0.99825,0.78365
Tuned,pr,0.99825,0.78419
Tuned,pr,0.99825,0.78473
Tuned,pr,0.99825,0.78527
Tuned,pr,0.99825,0.78581
Tuned,pr,0.99825,0.78635
Tuned,pr,0.99825,0.7869
Tuned,pr,0.99825,0.78744
Tuned,pr,0.99825,0.78798
Tuned,pr,0.99825,0.78853
Tuned,pr,0.99825,0.78907
Tuned,pr,0.99825,0.78962
Tuned,pr,0.99825,0.79017
Tuned,pr,0.99825,0.79071
Tuned,pr,0.99825,0.79126
Tuned,pr,0.99825,0.79181
Tuned,pr,0.99825,0.79236
Tuned,pr,0.99825,0.79291
Tuned,pr,0.99738,0.79277
Tuned,pr,0.99738,0.79332
Tuned,pr,0.99738,0.79387
Tuned,pr,0.9965,0.79373
Tuned,pr,0.9965,0.79428
Tuned,pr,0.9965,0.79484
Tuned,pr,0.9965,0.79539
Tuned,pr,0.9965,0.79595
Tuned,pr,0.9965,0.7965
Tuned,pr,0.99563,0.79636
Tuned,pr,0.99563,0.79692
Tuned,pr,0.99563,0.79748
Tuned,pr,0.99563,0.79804
Tuned,pr,0.99563,0.7986
Tuned,pr,0.99563,0.79916
Tuned,pr,0.99563,0.79972
Tuned,pr,0.99563,0.80028
Tuned,pr,0.99563,0.80084
Tuned,pr,0.99563,0.80141
Tuned,pr,0.99563,0.80197
Tuned,pr,0.99563,0.80254
Tuned,pr,0.99563,0.80311
Tuned,pr,0.99563,0.80367
Tuned,pr,0.99563,0.80424
Tuned,pr,0.99475,0.8041
Tuned,pr,0.99475,0.80467
Tuned,pr,0.99475,0.80524
Tuned,pr,0.99475,0.80581
Tuned,pr,0.99475,0.80638
Tuned,pr,0.99475,0.80696
Tuned,pr,0.99475,0.80753
Tuned,pr,0.99475,0.8081
Tuned,pr,0.99475,0.80868
Tuned,pr,0.99475,0.80925
Tuned,pr,0.99475,0.80983
Tuned,pr,0.99475,0.81041
Tuned,pr,0.99388,0.81027
Tuned,pr,0.993,0.81014
Tuned,pr,0.993,0.81071
Tuned,pr,0.993,0.81129
Tuned,pr,0.993,0.81187
Tuned,pr,0.993,0.81246
Tuned,pr,0.993,0.81304
Tuned,pr,0.993,0.81362
Tuned,pr,0.993,0.8142
Tuned,pr,0.993,0.81479
Tuned,pr,0.993,0.81537
Tuned,pr,0.993,0.81596
Tuned,pr,0.99213,0.81583
Tuned,pr,0.99213,0.81641
Tuned,pr,0.99213,0.817
Tuned,pr,0.99125,0.81687
Tuned,pr,0.99125,0.81746
Tuned,pr,0.99125,0.81805
Tuned,pr,0.99125,0.81864
Tuned,pr,0.99125,0.81923
Tuned,pr,0.99125,0.81983
Tuned,pr,0.99125,0.82042
Tuned,pr,0.99125,0.82101
Tuned,pr,0.99125,0.82161
Tuned,pr,0.99125,0.82221
Tuned,pr,0.99125,0.8228
Tuned,pr,0.99125,0.8234
Tuned,pr,0.99125,0.824
Tuned,pr,0.99125,0.8246
Tuned,pr,0.99125,0.8252
Tuned,pr,0.99125,0.8258
Tuned,pr,0.99125,0.8264
Tuned,pr,0.99125,0.82701
Tuned,pr,0.99125,0.82822
Tuned,pr,0.99125,0.82882
Tuned,pr,0.99125,0.82943
Tuned,pr,0.99125,0.83004
Tuned,pr,0.99125,0.83065
Tuned,pr,0.99125,0.83125
Tuned,pr,0.99125,0.83186
Tuned,pr,0.99125,0.83248
Tuned,pr,0.99125,0.83309
Tuned,pr,0.99125,0.8337
Tuned,pr,0.99038,0.83358
Tuned,pr,0.99038,0.83481
Tuned,pr,0.99038,0.83542
Tuned,pr,0.99038,0.83604
Tuned,pr,0.99038,0.83666
Tuned,pr,0.99038,0.83728
Tuned,pr,0.99038,0.8379
Tuned,pr,0.99038,0.83852
Tuned,pr,0.99038,0.83914
Tuned,pr,0.99038,0.83976
Tuned,pr,0.99038,0.84039
Tuned,pr,0.99038,0.84101
Tuned,pr,0.99038,0.84164
Tuned,pr,0.99038,0.84226
Tuned,pr,0.99038,0.84289
Tuned,pr,0.99038,0.84352
Tuned,pr,0.99038,0.84415
Tuned,pr,0.99038,0.84478
Tuned,pr,0.99038,0.84541
Tuned,pr,0.99038,0.84604
Tuned,pr,0.99038,0.84667
Tuned,pr,0.99038,0.84731
Tuned,pr,0.99038,0.84794
Tuned,pr,0.99038,0.84858
Tuned,pr,0.99038,0.84921
Tuned,pr,0.99038,0.84985
Tuned,pr,0.99038,0.85049
Tuned,pr,0.99038,0.85113
Tuned,pr,0.99038,0.85177
Tuned,pr,0.99038,0.85241
Tuned,pr,0.99038,0.85305
Tuned,pr,0.99038,0.8537
Tuned,pr,0.9895,0.85358
Tuned,pr,0.9895,0.85423
Tuned,pr,0.9895,0.85488
Tuned,pr,0.9895,0.85552
Tuned,pr,0.9895,0.85617
Tuned,pr,0.9895,0.85682
Tuned,pr,0.9895,0.85747
Tuned,pr,0.9895,0.85812
Tuned,pr,0.9895,0.85877
Tuned,pr,0.9895,0.85942
Tuned,pr,0.9895,0.86008
Tuned,pr,0.9895,0.86073
Tuned,pr,0.9895,0.86139
Tuned,pr,0.9895,0.86204
Tuned,pr,0.9895,0.8627
Tuned,pr,0.9895,0.86336
Tuned,pr,0.9895,0.86402
Tuned,pr,0.9895,0.86468
Tuned,pr,0.9895,0.86534
Tuned,pr,0.9895,0.866
Tuned,pr,0.9895,0.86667
Tuned,pr,0.9895,0.86733
Tuned,pr,0.9895,0.868
Tuned,pr,0.9895,0.86866
Tuned,pr,0.9895,0.86933
Tuned,pr,0.9895,0.87
Tuned,pr,0.9895,0.87067
Tuned,pr,0.9895,0.87134
Tuned,pr,0.9895,0.87201
Tuned,pr,0.9895,0.87269
Tuned,pr,0.9895,0.87336
Tuned,pr,0.9895,0.87403
Tuned,pr,0.9895,0.87471
Tuned,pr,0.9895,0.87539
Tuned,pr,0.9895,0.87607
Tuned,pr,0.9895,0.87674
Tuned,pr,0.9895,0.87742
Tuned,pr,0.9895,0.87811
Tuned,pr,0.9895,0.87879
Tuned,pr,0.9895,0.87947
Tuned,pr,0.9895,0.88016
Tuned,pr,0.9895,0.88084
Tuned,pr,0.9895,0.88153
Tuned,pr,0.9895,0.88222
Tuned,pr,0.9895,0.8829
Tuned,pr,0.9895,0.88359
Tuned,pr,0.9895,0.88428
Tuned,pr,0.9895,0.88498
Tuned,pr,0.98863,0.88489
Tuned,pr,0.98863,0.88558
Tuned,pr,0.98863,0.88627
Tuned,pr,0.98863,0.88697
Tuned,pr,0.98863,0.88767
Tuned,pr,0.98863,0.88836
Tuned,pr,0.98775,0.88828
Tuned,pr,0.98775,0.88898
Tuned,pr,0.98775,0.88968
Tuned,pr,0.98775,0.89038
Tuned,pr,0.98688,0.89029
Tuned,pr,0.98688,0.891
Tuned,pr,0.98688,0.8917
Tuned,pr,0.98688,0.89241
Tuned,pr,0.98688,0.89311
Tuned,pr,0.98688,0.89382
Tuned,pr,0.98688,0.89453
Tuned,pr,0.98688,0.89524
Tuned,pr,0.98688,0.89595
Tuned,pr,0.98688,0.89666
Tuned,pr,0.98688,0.89737
Tuned,pr,0.98688,0.89809
Tuned,pr,0.98688,0.8988
Tuned,pr,0.98688,0.89952
Tuned,pr,0.98688,0.90024
Tuned,pr,0.986,0.90016
Tuned,pr,0.986,0.90088
Tuned,pr,0.986,0.9016
Tuned,pr,0.986,0.90232
Tuned,pr,0.98513,0.90224
Tuned,pr,0.98513,0.90297
Tuned,pr,0.98513,0.90369
Tuned,pr,0.98513,0.90442
Tuned,pr,0.98513,0.90514
Tuned,pr,0.98513,0.90587
Tuned,pr,0.98513,0.9066
Tuned,pr,0.98513,0.90733
Tuned,pr,0.98513,0.90806
Tuned,pr,0.98513,0.9088
Tuned,pr,0.98513,0.90953
Tuned,pr,0.98513,0.91027
Tuned,pr,0.98513,0.911
Tuned,pr,0.98513,0.91174
Tuned,pr,0.98513,0.91248
Tuned,pr,0.98513,0.91322
Tuned,pr,0.98513,0.91396
Tuned,pr,0.98513,0.9147
Tuned,pr,0.98513,0.91545
Tuned,pr,0.98513,0.91619
Tuned,pr,0.98425,0.91612
Tuned,pr,0.98425,0.91687
Tuned,pr,0.98425,0.91762
Tuned,pr,0.98425,0.91837
Tuned,pr,0.98425,0.91912
Tuned,pr,0.98425,0.91987
Tuned,pr,0.98425,0.92062
Tuned,pr,0.98338,0.92056
Tuned,pr,0.98338,0.92131
Tuned,pr,0.98338,0.92207
Tuned,pr,0.98338,0.92282
Tuned,pr,0.98338,0.92358
Tuned,pr,0.98338,0.92434
Tuned,pr,0.98338,0.9251
Tuned,pr,0.98338,0.92586
Tuned,pr,0.98338,0.92663
Tuned,pr,0.98338,0.92739
Tuned,pr,0.98338,0.92816
Tuned,pr,0.98338,0.92893
Tuned,pr,0.98338,0.92969
Tuned,pr,0.98338,0.93046
Tuned,pr,0.98338,0.93123
Tuned,pr,0.98338,0.93201
Tuned,pr,0.98338,0.93278
Tuned,pr,0.98338,0.93355
Tuned,pr,0.98338,0.93433
Tuned,pr,0.9825,0.93428
Tuned,pr,0.98163,0.93422
Tuned,pr,0.98163,0.935
Tuned,pr,0.98163,0.93578
Tuned,pr,0.98163,0.93656
Tuned,pr,0.98163,0.93734
Tuned,pr,0.98075,0.93729
Tuned,pr,0.98075,0.93808
Tuned,pr,0.97988,0.93802
Tuned,pr,0.97988,0.93881
Tuned,pr,0.979,0.93876
Tuned,pr,0.979,0.93955
Tuned,pr,0.97813,0.9395
Tuned,pr,0.97725,0.93944
Tuned,pr,0.97638,0.93939
Tuned,pr,0.97638,0.94019
Tuned,pr,0.9755,0.94013
Tuned,pr,0.9755,0.94093
Tuned,pr,0.97463,0.94088
Tuned,pr,0.97463,0.94167
Tuned,pr,0.97463,0.94247
Tuned,pr,0.97463,0.94327
Tuned,pr,0.97463,0.94407
Tuned,pr,0.97463,0.94487
Tuned,pr,0.97375,0.94482
Tuned,pr,0.97375,0.94562
Tuned,pr,0.97375,0.94643
Tuned,pr,0.97375,0.94723
Tuned,pr,0.97375,0.94804
Tuned,pr,0.97288,0.948
Tuned,pr,0.97288,0.94881
Tuned,pr,0.97288,0.94962
Tuned,pr,0.97288,0.95043
Tuned,pr,0.97288,0.95124
Tuned,pr,0.97288,0.95205
Tuned,pr,0.97288,0.95287
Tuned,pr,0.97288,0.95369
Tuned,pr,0.97288,0.95451
Tuned,pr,0.97288,0.95533
Tuned,pr,0.97288,0.95615
Tuned,pr,0.972,0.95611
Tuned,pr,0.972,0.95693
Tuned,pr,0.972,0.95776
Tuned,pr,0.972,0.95858
Tuned,pr,0.97113,0.95855
Tuned,pr,0.97113,0.95938
Tuned,pr,0.97113,0.96021
Tuned,pr,0.97113,0.96104
Tuned,pr,0.97025,0.96101
Tuned,pr,0.96938,0.96097
Tuned,pr,0.9685,0.96094
Tuned,pr,0.96763,0.9609
Tuned,pr,0.96763,0.96174
Tuned,pr,0.96675,0.96171
Tuned,pr,0.96675,0.96254
Tuned,pr,0.96588,0.96251
Tuned,pr,0.96588,0.96335
Tuned,pr,0.965,0.96332
Tuned,pr,0.965,0.96416
Tuned,pr,0.965,0.965
Tuned,pr,0.96413,0.96497
Tuned,pr,0.96325,0.96494
Tuned,pr,0.96238,0.96491
Tuned,pr,0.96238,0.96576
Tuned,pr,0.96238,0.96661
Tuned,pr,0.96238,0.96746
Tuned,pr,0.9615,0.96743
Tuned,pr,0.96063,0.9674
Tuned,pr,0.96063,0.96825
Tuned,pr,0.96063,0.96911
Tuned,pr,0.96063,0.96996
Tuned,pr,0.96063,0.97082
Tuned,pr,0.96063,0.97168
Tuned,pr,0.96063,0.97254
Tuned,pr,0.95976,0.97252
Tuned,pr,0.95888,0.97249
Tuned,pr,0.95801,0.97247
Tuned,pr,0.95801,0.97333
Tuned,pr,0.95713,0.97331
Tuned,pr,0.95713,0.97418
Tuned,pr,0.95626,0.97415
Tuned,pr,0.95538,0.97413
Tuned,pr,0.95451,0.97411
Tuned,pr,0.95451,0.97498
Tuned,pr,0.95363,0.97496
Tuned,pr,0.95363,0.97583
Tuned,pr,0.95276,0.97581
Tuned,pr,0.95188,0.97578
Tuned,pr,0.95101,0.97576
Tuned,pr,0.95013,0.97574
Tuned,pr,0.94926,0.97572
Tuned,pr,0.94838,0.9757
Tuned,pr,0.94751,0.97568
Tuned,pr,0.94663,0.97565
Tuned,pr,0.94576,0.97563
Tuned,pr,0.94488,0.97561
Tuned,pr,0.94401,0.97559
Tuned,pr,0.94313,0.97557
Tuned,pr,0.94226,0.97554
Tuned,pr,0.94138,0.97552
Tuned,pr,0.94138,0.97641
Tuned,pr,0.94051,0.97639
Tuned,pr,0.93963,0.97636
Tuned,pr,0.93876,0.97634
Tuned,pr,0.93876,0.97723
Tuned,pr,0.93788,0.97721
Tuned,pr,0.93788,0.9781
Tuned,pr,0.93701,0.97808
Tuned,pr,0.93613,0.97806
Tuned,pr,0.93526,0.97804
Tuned,pr,0.93526,0.97894
Tuned,pr,0.93526,0.97984
Tuned,pr,0.93438,0.97982
Tuned,pr,0.93438,0.98072
Tuned,pr,0.93438,0.98162
Tuned,pr,0.93438,0.98252
Tuned,pr,0.93351,0.9825
Tuned,pr,0.93263,0.98249
Tuned,pr,0.93263,0.98339
Tuned,pr,0.93176,0.98338
Tuned,pr,0.93088,0.98336
Tuned,pr,0.93001,0.98335
Tuned,pr,0.92913,0.98333
Tuned,pr,0.92826,0.98332
Tuned,pr,0.92826,0.98423
Tuned,pr,0.92738,0.98422
Tuned,pr,0.92651,0.9842
Tuned,pr,0.92651,0.98512
Tuned,pr,0.92563,0.9851
Tuned,pr,0.92476,0.98509
Tuned,pr,0.92388,0.98507
Tuned,pr,0.92301,0.98506
Tuned,pr,0.92213,0.98505
Tuned,pr,0.92126,0.98503
Tuned,pr,0.92038,0.98502
Tuned,pr,0.91951,0.985
Tuned,pr,0.91864,0.98499
Tuned,pr,0.91864,0.98592
Tuned,pr,0.91776,0.9859
Tuned,pr,0.91689,0.98589
Tuned,pr,0.91601,0.98588
Tuned,pr,0.91514,0.98586
Tuned,pr,0.91426,0.98585
Tuned,pr,0.91426,0.98678
Tuned,pr,0.91339,0.98677
Tuned,pr,0.91251,0.98675
Tuned,pr,0.91164,0.98674
Tuned,pr,0.91076,0.98673
Tuned,pr,0.90989,0.98672
Tuned,pr,0.90901,0.9867
Tuned,pr,0.90814,0.98669
Tuned,pr,0.90726,0.98668
Tuned,pr,0.90639,0.98667
Tuned,pr,0.90639,0.98761
Tuned,pr,0.90551,0.9876
Tuned,pr,0.90464,0.98758
Tuned,pr,0.90376,0.98757
Tuned,pr,0.90289,0.98756
Tuned,pr,0.90201,0.98755
Tuned,pr,0.90114,0.98754
Tuned,pr,0.90114,0.98848
Tuned,pr,0.90026,0.98847
Tuned,pr,0.89939,0.98846
Tuned,pr,0.89851,0.98845
Tuned,pr,0.89851,0.9894
Tuned,pr,0.89764,0.98939
Tuned,pr,0.89676,0.98938
Tuned,pr,0.89589,0.98937
Tuned,pr,0.89501,0.98936
Tuned,pr,0.89414,0.98935
Tuned,pr,0.89326,0.98934
Tuned,pr,0.89239,0.98933
Tuned,pr,0.89151,0.98932
Tuned,pr,0.89064,0.98931
Tuned,pr,0.88976,0.9893
Tuned,pr,0.88889,0.98929
Tuned,pr,0.88801,0.98928
Tuned,pr,0.88714,0.98927
Tuned,pr,0.88626,0.98926
Tuned,pr,0.88539,0.98925
Tuned,pr,0.88451,0.98924
Tuned,pr,0.88364,0.98923
Tuned,pr,0.88276,0.98922
Tuned,pr,0.88189,0.98921
Tuned,pr,0.88101,0.98919
Tuned,pr,0.88014,0.98918
Tuned,pr,0.87927,0.98917
Tuned,pr,0.87839,0.98916
Tuned,pr,0.87752,0.98915
Tuned,pr,0.87664,0.98914
Tuned,pr,0.87577,0.98913
Tuned,pr,0.87489,0.98912
Tuned,pr,0.87402,0.98911
Tuned,pr,0.87314,0.9891
Tuned,pr,0.87227,0.98909
Tuned,pr,0.87139,0.98908
Tuned,pr,0.87052,0.98907
Tuned,pr,0.86964,0.98905
Tuned,pr,0.86964,0.99004
Tuned,pr,0.86877,0.99003
Tuned,pr,0.86789,0.99002
Tuned,pr,0.86702,0.99001
Tuned,pr,0.86614,0.99
Tuned,pr,0.86527,0.98999
Tuned,pr,0.86439,0.98998
Tuned,pr,0.86352,0.98997
Tuned,pr,0.86264,0.98996
Tuned,pr,0.86177,0.98995
Tuned,pr,0.86089,0.98994
Tuned,pr,0.86002,0.98993
Tuned,pr,0.85914,0.98992
Tuned,pr,0.85827,0.98991
Tuned,pr,0.85739,0.9899
Tuned,pr,0.85652,0.98989
Tuned,pr,0.85564,0.98988
Tuned,pr,0.85477,0.98987
Tuned,pr,0.85389,0.98986
Tuned,pr,0.85302,0.98985
Tuned,pr,0.85214,0.98984
Tuned,pr,0.85127,0.98983
Tuned,pr,0.85039,0.98982
Tuned,pr,0.84952,0.98981
Tuned,pr,0.84864,0.9898
Tuned,pr,0.84777,0.98979
Tuned,pr,0.84689,0.98978
Tuned,pr,0.84602,0.98976
Tuned,pr,0.84514,0.98975
Tuned,pr,0.84427,0.98974
Tuned,pr,0.84339,0.98973
Tuned,pr,0.84252,0.98972
Tuned,pr,0.84164,0.98971
Tuned,pr,0.84077,0.9897
Tuned,pr,0.8399,0.98969
Tuned,pr,0.8399,0.99071
Tuned,pr,0.83902,0.9907
Tuned,pr,0.83815,0.99069
Tuned,pr,0.83727,0.99068
Tuned,pr,0.8364,0.99067
Tuned,pr,0.83552,0.99066
Tuned,pr,0.83465,0.99065
Tuned,pr,0.83377,0.99064
Tuned,pr,0.8329,0.99063
Tuned,pr,0.83202,0.99062
Tuned,pr,0.83115,0.99062
Tuned,pr,0.83027,0.99061
Tuned,pr,0.8294,0.9906
Tuned,pr,0.82852,0.99059
Tuned,pr,0.82677,0.99057
Tuned,pr,0.8259,0.99056
Tuned,pr,0.82502,0.99055
Tuned,pr,0.82415,0.99054
Tuned,pr,0.82415,0.99158
Tuned,pr,0.82327,0.99157
Tuned,pr,0.8224,0.99156
Tuned,pr,0.82152,0.99155
Tuned,pr,0.82065,0.99154
Tuned,pr,0.81977,0.99153
Tuned,pr,0.8189,0.99153
Tuned,pr,0.81802,0.99152
Tuned,pr,0.81715,0.99151
Tuned,pr,0.81627,0.9915
Tuned,pr,0.8154,0.99149
Tuned,pr,0.81452,0.99148
Tuned,pr,0.81365,0.99147
Tuned,pr,0.81277,0.99146
Tuned,pr,0.8119,0.99145
Tuned,pr,0.81102,0.99144
Tuned,pr,0.81015,0.99143
Tuned,pr,0.80927,0.99143
Tuned,pr,0.8084,0.99142
Tuned,pr,0.80752,0.99141
Tuned,pr,0.80665,0.9914
Tuned,pr,0.80577,0.99139
Tuned,pr,0.8049,0.99138
Tuned,pr,0.80402,0.99137
Tuned,pr,0.80315,0.99136
Tuned,pr,0.80227,0.99135
Tuned,pr,0.8014,0.99134
Tuned,pr,0.80052,0.99133
Tuned,pr,0.80052,0.99241
Tuned,pr,0.79965,0.9924
Tuned,pr,0.79878,0.99239
Tuned,pr,0.7979,0.99238
Tuned,pr,0.79703,0.99237
Tuned,pr,0.79615,0.99237
Tuned,pr,0.79528,0.99236
Tuned,pr,0.7944,0.99235
Tuned,pr,0.79353,0.99234
Tuned,pr,0.79265,0.99233
Tuned,pr,0.79178,0.99232
Tuned,pr,0.7909,0.99232
Tuned,pr,0.79003,0.99231
Tuned,pr,0.78915,0.9923
Tuned,pr,0.78828,0.99229
Tuned,pr,0.78653,0.99227
Tuned,pr,0.78565,0.99227
Tuned,pr,0.78478,0.99226
Tuned,pr,0.7839,0.99225
Tuned,pr,0.78303,0.99224
Tuned,pr,0.78215,0.99223
Tuned,pr,0.78128,0.99222
Tuned,pr,0.7804,0.99221
Tuned,pr,0.77953,0.9922
Tuned,pr,0.77865,0.9922
Tuned,pr,0.77778,0.99219
Tuned,pr,0.7769,0.99218
Tuned,pr,0.77603,0.99217
Tuned,pr,0.77515,0.99216
Tuned,pr,0.77428,0.99215
Tuned,pr,0.7734,0.99214
Tuned,pr,0.77253,0.99213
Tuned,pr,0.77165,0.99213
Tuned,pr,0.77078,0.99212
Tuned,pr,0.7699,0.99323
Tuned,pr,0.76903,0.99322
Tuned,pr,0.76815,0.99321
Tuned,pr,0.7664,0.9932
Tuned,pr,0.76553,0.99319
Tuned,pr,0.76465,0.99318
Tuned,pr,0.76378,0.99317
Tuned,pr,0.7629,0.99317
Tuned,pr,0.76203,0.99316
Tuned,pr,0.76115,0.99315
Tuned,pr,0.76028,0.99314
Tuned,pr,0.75941,0.99314
Tuned,pr,0.75853,0.99313
Tuned,pr,0.75766,0.99312
Tuned,pr,0.75678,0.99311
Tuned,pr,0.75678,0.99425
Tuned,pr,0.75591,0.99425
Tuned,pr,0.75503,0.99424
Tuned,pr,0.75416,0.99423
Tuned,pr,0.75328,0.99423
Tuned,pr,0.75241,0.99422
Tuned,pr,0.75153,0.99421
Tuned,pr,0.75066,0.99421
Tuned,pr,0.75066,0.99536
Tuned,pr,0.74978,0.99535
Tuned,pr,0.74891,0.99535
Tuned,pr,0.74803,0.99534
Tuned,pr,0.74716,0.99534
Tuned,pr,0.74628,0.99533
Tuned,pr,0.74541,0.99533
Tuned,pr,0.74453,0.99532
Tuned,pr,0.74366,0.99532
Tuned,pr,0.74278,0.99531
Tuned,pr,0.74191,0.99531
Tuned,pr,0.74103,0.9953
Tuned,pr,0.74016,0.99529
Tuned,pr,0.73928,0.99529
Tuned,pr,0.73841,0.99528
Tuned,pr,0.73753,0.99528
Tuned,pr,0.73666,0.99527
Tuned,pr,0.73578,0.99527
Tuned,pr,0.73491,0.99526
Tuned,pr,0.73403,0.99526
Tuned,pr,0.73316,0.99525
Tuned,pr,0.73228,0.99524
Tuned,pr,0.73141,0.99524
Tuned,pr,0.73053,0.99523
Tuned,pr,0.72966,0.99523
Tuned,pr,0.72878,0.99522
Tuned,pr,0.72791,0.99522
Tuned,pr,0.72703,0.99521
Tuned,pr,0.72616,0.9952
Tuned,pr,0.72528,0.9952
Tuned,pr,0.72441,0.99519
Tuned,pr,0.72353,0.99519
Tuned,pr,0.72266,0.99518
Tuned,pr,0.72178,0.99517
Tuned,pr,0.72091,0.99517
Tuned,pr,0.72003,0.99516
Tuned,pr,0.71916,0.99516
Tuned,pr,0.71741,0.99515
Tuned,pr,0.71654,0.99514
Tuned,pr,0.71566,0.99513
Tuned,pr,0.71479,0.99513
Tuned,pr,0.71391,0.99512
Tuned,pr,0.71304,0.99512
Tuned,pr,0.71216,0.99511
Tuned,pr,0.71129,0.9951
Tuned,pr,0.71041,0.9951
Tuned,pr,0.70954,0.99509
Tuned,pr,0.70866,0.99509
Tuned,pr,0.70779,0.99508
Tuned,pr,0.70691,0.99507
Tuned,pr,0.70604,0.99507
Tuned,pr,0.70516,0.99506
Tuned,pr,0.70429,0.99506
Tuned,pr,0.70341,0.99505
Tuned,pr,0.70254,0.99504
Tuned,pr,0.70166,0.99504
Tuned,pr,0.70079,0.99503
Tuned,pr,0.69991,0.99502
Tuned,pr,0.69904,0.99502
Tuned,pr,0.69816,0.99501
Tuned,pr,0.69729,0.99501
Tuned,pr,0.69641,0.995
Tuned,pr,0.69554,0.99499
Tuned,pr,0.69466,0.99499
Tuned,pr,0.69379,0.99498
Tuned,pr,0.69291,0.99497
Tuned,pr,0.69204,0.99497
Tuned,pr,0.69116,0.99496
Tuned,pr,0.69029,0.99496
Tuned,pr,0.68941,0.99495
Tuned,pr,0.68854,0.99494
Tuned,pr,0.68766,0.99494
Tuned,pr,0.68679,0.99493
Tuned,pr,0.68591,0.99492
Tuned,pr,0.68504,0.99492
Tuned,pr,0.68416,0.99491
Tuned,pr,0.68329,0.9949
Tuned,pr,0.68241,0.9949
Tuned,pr,0.68154,0.99489
Tuned,pr,0.68066,0.99488
Tuned,pr,0.67979,0.99488
Tuned,pr,0.67892,0.99487
Tuned,pr,0.67804,0.99487
Tuned,pr,0.67717,0.99486
Tuned,pr,0.67629,0.99485
Tuned,pr,0.67542,0.99485
Tuned,pr,0.67454,0.99484
Tuned,pr,0.67367,0.99483
Tuned,pr,0.67279,0.99483
Tuned,pr,0.67192,0.99482
Tuned,pr,0.67104,0.99481
Tuned,pr,0.67017,0.99481
Tuned,pr,0.66842,0.99479
Tuned,pr,0.66754,0.99478
Tuned,pr,0.66667,0.99478
Tuned,pr,0.66579,0.99477
Tuned,pr,0.66492,0.99476
Tuned,pr,0.66404,0.99476
Tuned,pr,0.66317,0.99475
Tuned,pr,0.66229,0.99474
Tuned,pr,0.66142,0.99474
Tuned,pr,0.66054,0.99473
Tuned,pr,0.65967,0.99472
Tuned,pr,0.65879,0.99472
Tuned,pr,0.65792,0.99471
Tuned,pr,0.65704,0.9947
Tuned,pr,0.65617,0.99469
Tuned,pr,0.65529,0.99469
Tuned,pr,0.65442,0.99468
Tuned,pr,0.65354,0.99467
Tuned,pr,0.65354,0.996
Tuned,pr,0.65267,0.99599
Tuned,pr,0.65179,0.99599
Tuned,pr,0.65092,0.99598
Tuned,pr,0.65004,0.99598
Tuned,pr,0.64917,0.99597
Tuned,pr,0.64829,0.99597
Tuned,pr,0.64742,0.99596
Tuned,pr,0.64567,0.99595
Tuned,pr,0.64479,0.99595
Tuned,pr,0.64392,0.99594
Tuned,pr,0.64304,0.99593
Tuned,pr,0.64217,0.99593
Tuned,pr,0.64129,0.99592
Tuned,pr,0.64129,0.99728
Tuned,pr,0.64042,0.99728
Tuned,pr,0.63955,0.99727
Tuned,pr,0.63867,0.99727
Tuned,pr,0.6378,0.99726
Tuned,pr,0.63692,0.99726
Tuned,pr,0.63605,0.99726
Tuned,pr,0.6343,0.99725
Tuned,pr,0.63342,0.99725
Tuned,pr,0.63255,0.99724
Tuned,pr,0.63167,0.99724
Tuned,pr,0.6308,0.99723
Tuned,pr,0.62992,0.99723
Tuned,pr,0.62905,0.99723
Tuned,pr,0.62817,0.99722
Tuned,pr,0.6273,0.99722
Tuned,pr,0.62642,0.99721
Tuned,pr,0.62555,0.99721
Tuned,pr,0.62467,0.99721
Tuned,pr,0.6238,0.9972
Tuned,pr,0.62292,0.9972
Tuned,pr,0.62205,0.99719
Tuned,pr,0.62117,0.99719
Tuned,pr,0.6203,0.99719
Tuned,pr,0.61855,0.99718
Tuned,pr,0.61767,0.99718
Tuned,pr,0.6168,0.99717
Tuned,pr,0.61592,0.99717
Tuned,pr,0.61505,0.99716
Tuned,pr,0.61417,0.99716
Tuned,pr,0.6133,0.99716
Tuned,pr,0.61242,0.99715
Tuned,pr,0.61155,0.99715
Tuned,pr,0.61067,0.99714
Tuned,pr,0.6098,0.99714
Tuned,pr,0.60892,0.99713
Tuned,pr,0.60805,0.99713
Tuned,pr,0.60717,0.99713
Tuned,pr,0.6063,0.99712
Tuned,pr,0.60542,0.99712
Tuned,pr,0.60455,0.99711
Tuned,pr,0.60367,0.99711
Tuned,pr,0.6028,0.99711
Tuned,pr,0.60192,0.9971
Tuned,pr,0.60105,0.9971
Tuned,pr,0.60017,0.99709
Tuned,pr,0.5993,0.99709
Tuned,pr,0.5993,0.99854
Tuned,pr,0.59843,0.99854
Tuned,pr,0.59755,0.99854
Tuned,pr,0.59668,0.99854
Tuned,pr,0.5958,0.99853
Tuned,pr,0.59493,0.99853
Tuned,pr,0.59405,0.99853
Tuned,pr,0.59318,0.99853
Tuned,pr,0.5923,0.99853
Tuned,pr,0.59143,0.99852
Tuned,pr,0.59055,0.99852
Tuned,pr,0.58968,0.99852
Tuned,pr,0.5888,0.99852
Tuned,pr,0.58793,0.99851
Tuned,pr,0.58705,0.99851
Tuned,pr,0.58618,0.99851
Tuned,pr,0.5853,0.99851
Tuned,pr,0.58443,0.99851
Tuned,pr,0.58355,0.9985
Tuned,pr,0.58268,0.9985
Tuned,pr,0.5818,0.9985
Tuned,pr,0.58093,0.9985
Tuned,pr,0.58005,0.99849
Tuned,pr,0.58005,1.0
Tuned,pr,0.57918,1.0
Tuned,pr,0.5783,1.0
Tuned,pr,0.57743,1.0
Tuned,pr,0.57655,1.0
Tuned,pr,0.57568,1.0
Tuned,pr,0.5748,1.0
Tuned,pr,0.57393,1.0
Tuned,pr,0.57305,1.0
Tuned,pr,0.57218,1.0
Tuned,pr,0.5713,1.0
Tuned,pr,0.57043,1.0
Tuned,pr,0.56955,1.0
Tuned,pr,0.56868,1.0
Tuned,pr,0.56693,1.0
Tuned,pr,0.56605,1.0
Tuned,pr,0.56518,1.0
Tuned,pr,0.5643,1.0
Tuned,pr,0.56343,1.0
Tuned,pr,0.56255,1.0
Tuned,pr,0.56168,1.0
Tuned,pr,0.5608,1.0
Tuned,pr,0.55993,1.0
Tuned,pr,0.55906,1.0
Tuned,pr,0.55818,1.0
Tuned,pr,0.55731,1.0
Tuned,pr,0.55643,1.0
Tuned,pr,0.55556,1.0
Tuned,pr,0.55468,1.0
Tuned,pr,0.55381,1.0
Tuned,pr,0.55293,1.0
Tuned,pr,0.55206,1.0
Tuned,pr,0.55118,1.0
Tuned,pr,0.55031,1.0
Tuned,pr,0.54943,1.0
Tuned,pr,0.54856,1.0
Tuned,pr,0.54768,1.0
Tuned,pr,0.54681,1.0
Tuned,pr,0.54593,1.0
Tuned,pr,0.54506,1.0
Tuned,pr,0.54418,1.0
Tuned,pr,0.54331,1.0
Tuned,pr,0.54243,1.0
Tuned,pr,0.54156,1.0
Tuned,pr,0.54068,1.0
Tuned,pr,0.53981,1.0
Tuned,pr,0.53893,1.0
Tuned,pr,0.53806,1.0
Tuned,pr,0.53718,1.0
Tuned,pr,0.53631,1.0
Tuned,pr,0.53543,1.0
Tuned,pr,0.53456,1.0
Tuned,pr,0.53368,1.0
Tuned,pr,0.53281,1.0
Tuned,pr,0.53193,1.0
Tuned,pr,0.53106,1.0
Tuned,pr,0.53018,1.0
Tuned,pr,0.52931,1.0
Tuned,pr,0.52843,1.0
Tuned,pr,0.52756,1.0
Tuned,pr,0.52668,1.0
Tuned,pr,0.52581,1.0
Tuned,pr,0.52493,1.0
Tuned,pr,0.52406,1.0
Tuned,pr,0.52318,1.0
Tuned,pr,0.52231,1.0
Tuned,pr,0.52143,1.0
Tuned,pr,0.52056,1.0
Tuned,pr,0.51969,1.0
Tuned,pr,0.51881,1.0
Tuned,pr,0.51794,1.0
Tuned,pr,0.51706,1.0
Tuned,pr,0.51531,1.0
Tuned,pr,0.51444,1.0
Tuned,pr,0.51356,1.0
Tuned,pr,0.51269,1.0
Tuned,pr,0.51181,1.0
Tuned,pr,0.51094,1.0
Tuned,pr,0.51006,1.0
Tuned,pr,0.50919,1.0
Tuned,pr,0.50656,1.0
Tuned,pr,0.50569,1.0
Tuned,pr,0.50481,1.0
Tuned,pr,0.50394,1.0
Tuned,pr,0.50306,1.0
Tuned,pr,0.50219,1.0
Tuned,pr,0.50131,1.0
Tuned,pr,0.50044,1.0
Tuned,pr,0.49956,1.0
Tuned,pr,0.49869,1.0
Tuned,pr,0.49781,1.0
Tuned,pr,0.49694,1.0
Tuned,pr,0.49606,1.0
Tuned,pr,0.49519,1.0
Tuned,pr,0.49431,1.0
Tuned,pr,0.49344,1.0
Tuned,pr,0.49256,1.0
Tuned,pr,0.49169,1.0
Tuned,pr,0.49081,1.0
Tuned,pr,0.48994,1.0
Tuned,pr,0.48906,1.0
Tuned,pr,0.48819,1.0
Tuned,pr,0.48731,1.0
Tuned,pr,0.48644,1.0
Tuned,pr,0.48469,1.0
Tuned,pr,0.48381,1.0
Tuned,pr,0.48294,1.0
Tuned,pr,0.48206,1.0
Tuned,pr,0.48119,1.0
Tuned,pr,0.48031,1.0
Tuned,pr,0.47944,1.0
Tuned,pr,0.47857,1.0
Tuned,pr,0.47769,1.0
Tuned,pr,0.47682,1.0
Tuned,pr,0.47594,1.0
Tuned,pr,0.47507,1.0
Tuned,pr,0.47419,1.0
Tuned,pr,0.47332,1.0
Tuned,pr,0.47244,1.0
Tuned,pr,0.46982,1.0
Tuned,pr,0.46894,1.0
Tuned,pr,0.46807,1.0
Tuned,pr,0.46719,1.0
Tuned,pr,0.46632,1.0
Tuned,pr,0.46544,1.0
Tuned,pr,0.46457,1.0
Tuned,pr,0.46369,1.0
Tuned,pr,0.46282,1.0
Tuned,pr,0.46194,1.0
Tuned,pr,0.46019,1.0
Tuned,pr,0.45932,1.0
Tuned,pr,0.45844,1.0
Tuned,pr,0.45757,1.0
Tuned,pr,0.45669,1.0
Tuned,pr,0.45582,1.0
Tuned,pr,0.45494,1.0
Tuned,pr,0.45407,1.0
Tuned,pr,0.45319,1.0
Tuned,pr,0.45232,1.0
Tuned,pr,0.45144,1.0
Tuned,pr,0.45057,1.0
Tuned,pr,0.44969,1.0
Tuned,pr,0.44882,1.0
Tuned,pr,0.44794,1.0
Tuned,pr,0.44619,1.0
Tuned,pr,0.44532,1.0
Tuned,pr,0.44444,1.0
Tuned,pr,0.44357,1.0
Tuned,pr,0.44269,1.0
Tuned,pr,0.44182,1.0
Tuned,pr,0.44094,1.0
Tuned,pr,0.44007,1.0
Tuned,pr,0.4392,1.0
Tuned,pr,0.43745,1.0
Tuned,pr,0.43657,1.0
Tuned,pr,0.4357,1.0
Tuned,pr,0.43482,1.0
Tuned,pr,0.43395,1.0
Tuned,pr,0.43307,1.0
Tuned,pr,0.4322,1.0
Tuned,pr,0.43132,1.0
Tuned,pr,0.43045,1.0
Tuned,pr,0.4287,1.0
Tuned,pr,0.42782,1.0
Tuned,pr,0.42607,1.0
Tuned,pr,0.4252,1.0
Tuned,pr,0.42432,1.0
Tuned,pr,0.42345,1.0
Tuned,pr,0.42257,1.0
Tuned,pr,0.4217,1.0
Tuned,pr,0.42082,1.0
Tuned,pr,0.41907,1.0
Tuned,pr,0.4182,1.0
Tuned,pr,0.41732,1.0
Tuned,pr,0.41645,1.0
Tuned,pr,0.41557,1.0
Tuned,pr,0.4147,1.0
Tuned,pr,0.41382,1.0
Tuned,pr,0.41295,1.0
Tuned,pr,0.41207,1.0
Tuned,pr,0.4112,1.0
Tuned,pr,0.41032,1.0
Tuned,pr,0.40945,1.0
Tuned,pr,0.40857,1.0
Tuned,pr,0.4077,1.0
Tuned,pr,0.40682,1.0
Tuned,pr,0.40595,1.0
Tuned,pr,0.40507,1.0
Tuned,pr,0.4042,1.0
Tuned,pr,0.40332,1.0
Tuned,pr,0.40245,1.0
Tuned,pr,0.40157,1.0
Tuned,pr,0.4007,1.0
Tuned,pr,0.39983,1.0
Tuned,pr,0.39895,1.0
Tuned,pr,0.3972,1.0
Tuned,pr,0.39633,1.0
Tuned,pr,0.39545,1.0
Tuned,pr,0.39458,1.0
Tuned,pr,0.3937,1.0
Tuned,pr,0.39195,1.0
Tuned,pr,0.39108,1.0
Tuned,pr,0.3902,1.0
Tuned,pr,0.38933,1.0
Tuned,pr,0.38845,1.0
Tuned,pr,0.38758,1.0
Tuned,pr,0.3867,1.0
Tuned,pr,0.38583,1.0
Tuned,pr,0.38495,1.0
Tuned,pr,0.38408,1.0
Tuned,pr,0.38233,1.0
Tuned,pr,0.38145,1.0
Tuned,pr,0.38058,1.0
Tuned,pr,0.37883,1.0
Tuned,pr,0.37708,1.0
Tuned,pr,0.3762,1.0
Tuned,pr,0.37533,1.0
Tuned,pr,0.37445,1.0
Tuned,pr,0.37358,1.0
Tuned,pr,0.37183,1.0
Tuned,pr,0.37095,1.0
Tuned,pr,0.37008,1.0
Tuned,pr,0.3692,1.0
Tuned,pr,0.36833,1.0
Tuned,pr,0.36745,1.0
Tuned,pr,0.36658,1.0
Tuned,pr,0.3657,1.0
Tuned,pr,0.36483,1.0
Tuned,pr,0.36308,1.0
Tuned,pr,0.35958,1.0
Tuned,pr,0.35871,1.0
Tuned,pr,0.35783,1.0
Tuned,pr,0.35696,1.0
Tuned,pr,0.35433,1.0
Tuned,pr,0.35258,1.0
Tuned,pr,0.35171,1.0
Tuned,pr,0.35083,1.0
Tuned,pr,0.34908,1.0
Tuned,pr,0.34821,1.0
Tuned,pr,0.34733,1.0
Tuned,pr,0.34646,1.0
Tuned,pr,0.34558,1.0
Tuned,pr,0.34471,1.0
Tuned,pr,0.34383,1.0
Tuned,pr,0.34296,1.0
Tuned,pr,0.34208,1.0
Tuned,pr,0.34121,1.0
Tuned,pr,0.34033,1.0
Tuned,pr,0.33946,1.0
Tuned,pr,0.33858,1.0
Tuned,pr,0.33683,1.0
Tuned,pr,0.33596,1.0
Tuned,pr,0.33508,1.0
Tuned,pr,0.33421,1.0
Tuned,pr,0.33158,1.0
Tuned,pr,0.33071,1.0
Tuned,pr,0.32983,1.0
Tuned,pr,0.32808,1.0
Tuned,pr,0.32721,1.0
Tuned,pr,0.32633,1.0
Tuned,pr,0.32546,1.0
Tuned,pr,0.32458,1.0
Tuned,pr,0.32283,1.0
Tuned,pr,0.32196,1.0
Tuned,pr,0.32021,1.0
Tuned,pr,0.31934,1.0
Tuned,pr,0.31846,1.0
Tuned,pr,0.31759,1.0
Tuned,pr,0.31671,1.0
Tuned,pr,0.31234,1.0
Tuned,pr,0.31146,1.0
Tuned,pr,0.30971,1.0
Tuned,pr,0.30884,1.0
Tuned,pr,0.30709,1.0
Tuned,pr,0.30621,1.0
Tuned,pr,0.30534,1.0
Tuned,pr,0.30446,1.0
Tuned,pr,0.30359,1.0
Tuned,pr,0.30271,1.0
Tuned,pr,0.30184,1.0
Tuned,pr,0.30096,1.0
Tuned,pr,0.30009,1.0
Tuned,pr,0.29921,1.0
Tuned,pr,0.29834,1.0
Tuned,pr,0.29746,1.0
Tuned,pr,0.29221,1.0
Tuned,pr,0.29046,1.0
Tuned,pr,0.28959,1.0
Tuned,pr,0.28871,1.0
Tuned,pr,0.28784,1.0
Tuned,pr,0.28696,1.0
Tuned,pr,0.28609,1.0
Tuned,pr,0.28346,1.0
Tuned,pr,0.28259,1.0
Tuned,pr,0.28171,1.0
Tuned,pr,0.28084,1.0
Tuned,pr,0.27997,1.0
Tuned,pr,0.27909,1.0
Tuned,pr,0.27559,1.0
Tuned,pr,0.27384,1.0
Tuned,pr,0.27297,1.0
Tuned,pr,0.27209,1.0
Tuned,pr,0.27122,1.0
Tuned,pr,0.27034,1.0
Tuned,pr,0.26772,1.0
Tuned,pr,0.26684,1.0
Tuned,pr,0.26247,1.0
Tuned,pr,0.26159,1.0
Tuned,pr,0.26072,1.0
Tuned,pr,0.25984,1.0
Tuned,pr,0.25897,1.0
Tuned,pr,0.25809,1.0
Tuned,pr,0.25634,1.0
Tuned,pr,0.25547,1.0
Tuned,pr,0.25459,1.0
Tuned,pr,0.25372,1.0
Tuned,pr,0.25284,1.0
Tuned,pr,0.25197,1.0
Tuned,pr,0.25022,1.0
Tuned,pr,0.24934,1.0
Tuned,pr,0.24847,1.0
Tuned,pr,0.24759,1.0
Tuned,pr,0.24497,1.0
Tuned,pr,0.24409,1.0
Tuned,pr,0.24322,1.0
Tuned,pr,0.24234,1.0
Tuned,pr,0.24147,1.0
Tuned,pr,0.24059,1.0
Tuned,pr,0.2371,1.0
Tuned,pr,0.23447,1.0
Tuned,pr,0.2336,1.0
Tuned,pr,0.23185,1.0
Tuned,pr,0.2301,1.0
Tuned,pr,0.22922,1.0
Tuned,pr,0.21522,1.0
Tuned,pr,0.21435,1.0
Tuned,pr,0.21347,1.0
Tuned,pr,0.2126,1.0
Tuned,pr,0.21172,1.0
Tuned,pr,0.20997,1.0
Tuned,pr,0.2091,1.0
Tuned,pr,0.20822,1.0
Tuned,pr,0.20647,1.0
Tuned,pr,0.2056,1.0
Tuned,pr,0.2021,1.0
Tuned,pr,0.19948,1.0
Tuned,pr,0.19685,1.0
Tuned,pr,0.19335,1.0
Tuned,pr,0.1916,1.0
Tuned,pr,0.19073,1.0
Tuned,pr,0.18985,1.0
Tuned,pr,0.18898,1.0
Tuned,pr,0.18723,1.0
Tuned,pr,0.18548,1.0
Tuned,pr,0.18198,1.0
Tuned,pr,0.18023,1.0
Tuned,pr,0.17848,1.0
Tuned,pr,0.17235,1.0
Tuned,pr,0.16973,1.0
Tuned,pr,0.16885,1.0
Tuned,pr,0.16535,1.0
Tuned,pr,0.16185,1.0
Tuned,pr,0.16098,1.0
Tuned,pr,0.15486,1.0
Tuned,pr,0.15398,1.0
Tuned,pr,0.15311,1.0
Tuned,pr,0.15223,1.0
Tuned,pr,0.14961,1.0
Tuned,pr,0.0,1.0
