,google_index,page_rank,web_traffic,nb_hyperlinks,nb_www,ratio_extHyperlinks,phish_hints,domain_age,safe_anchor,longest_word_path,ratio_intHyperlinks,length_url,ratio_digits_url,length_hostname,char_repeat,target_phishing
google_index,1.0,-0.39100375162057843,0.03655287214450323,-0.26863651148843654,-0.35404860200983673,0.04932690040292834,0.27892996068599923,-0.20826243194873498,-0.13519188086181258,0.19265861694225975,-0.21999040579482085,0.22974294015897642,0.3224926183583639,0.2248600829096393,0.015574372794779948,0.7373759810801808
page_rank,-0.39100375162057843,1.0,-0.2107983982986081,0.22782537350670803,0.11233933495945055,0.17950580612059777,-0.19940124099428091,0.5853306347774737,-0.011643572724671163,-0.07831220508187178,-0.016931878287460296,-0.10281423292964877,-0.1776385111731454,-0.1669745729385567,-0.01742844786459348,-0.5091768025013297
web_traffic,0.03655287214450323,-0.2107983982986081,1.0,-0.0482934492577985,0.002426176759898091,-0.09013088037261491,-0.02420688110036128,-0.09598701433085374,0.12725592143646003,0.00828531963233132,0.09300060942462703,0.07937022178195383,0.06415674804324033,0.16498915209379222,0.026741152981372043,0.062262309789277714
nb_hyperlinks,-0.26863651148843654,0.22782537350670803,-0.0482934492577985,1.0,0.11357562166695016,-0.11141828066641392,-0.11235458622429761,0.16832218932188364,0.21237022535099584,-0.07648703653343455,0.2637870908485527,-0.09611311687455505,-0.12916208689487665,-0.10578060431995615,-0.03431613332611748,-0.34474574522072426
nb_www,-0.35404860200983673,0.11233933495945055,0.002426176759898091,0.11357562166695016,1.0,-0.12829643483124029,-0.0886089096531118,0.07548951182882102,0.0841162120275186,-0.07577981248180717,0.1746118780223322,-0.0680127115736516,-0.20890119806849702,-0.1357065106391216,0.2369474301138577,-0.44208914107106584
ratio_extHyperlinks,0.04932690040292834,0.17950580612059777,-0.09013088037261491,-0.11141828066641392,-0.12829643483124029,1.0,0.02521034880917865,0.1193791100241397,-0.2486384781172113,0.005300708415374365,-0.5651047085783711,-0.009492586270534188,-0.04707503768405281,0.03191226965339094,0.018445593055321508,0.08670262237596095
phish_hints,0.27892996068599923,-0.19940124099428091,-0.02420688110036128,-0.11235458622429761,-0.0886089096531118,0.02521034880917865,1.0,-0.16340214440681985,-0.045019821671526565,0.17603772954754723,-0.04085800348398236,0.3290459849812972,0.10243908340337933,-0.021764550226955438,0.1287391293301288,0.33242415896901495
domain_age,-0.20826243194873498,0.5853306347774737,-0.09598701433085374,0.16832218932188364,0.07548951182882102,0.1193791100241397,-0.16340214440681985,1.0,0.029359941245103976,-0.022750287304222242,-0.020708554824183434,-0.010522307583106615,-0.09102345972493678,0.020945849100770113,0.022367191175572534,-0.32428047116798736
safe_anchor,-0.13519188086181258,-0.011643572724671163,0.12725592143646003,0.21237022535099584,0.0841162120275186,-0.2486384781172113,-0.045019821671526565,0.029359941245103976,1.0,-0.026951469609666413,0.5187920405964055,0.016990811738978102,0.008996177464120493,0.11040814741168033,0.014967922716074493,-0.18176216168529125
longest_word_path,0.19265861694225975,-0.07831220508187178,0.00828531963233132,-0.07648703653343455,-0.07577981248180717,0.005300708415374365,0.17603772954754723,-0.022750287304222242,-0.026951469609666413,1.0,-0.024609968401025847,0.6739170255394014,0.4008124782545326,0.038995062136367095,0.36539831554331864,0.21229349351801327
ratio_intHyperlinks,-0.21999040579482085,-0.016931878287460296,0.09300060942462703,0.2637870908485527,0.1746118780223322,-0.5651047085783711,-0.04085800348398236,-0.020708554824183434,0.5187920405964055,-0.024609968401025847,1.0,-0.003960099816626963,-0.04191566323494336,-0.0028896289781804078,0.007497984014052629,-0.2537797285660404
length_url,0.22974294015897642,-0.10281423292964877,0.07937022178195383,-0.09611311687455505,-0.0680127115736516,-0.009492586270534188,0.3290459849812972,-0.010522307583106615,0.016990811738978102,0.6739170255394014,-0.003960099816626963,1.0,0.4305112128494156,0.21206723566385385,0.5246441730597862,0.24548588190680445
ratio_digits_url,0.3224926183583639,-0.1776385111731454,0.06415674804324033,-0.12916208689487665,-0.20890119806849702,-0.04707503768405281,0.10243908340337933,-0.09102345972493678,0.008996177464120493,0.4008124782545326,-0.04191566323494336,0.4305112128494156,1.0,0.16663138833177074,0.27028823539984564,0.358518254641484
length_hostname,0.2248600829096393,-0.1669745729385567,0.16498915209379222,-0.10578060431995615,-0.1357065106391216,0.03191226965339094,-0.021764550226955438,0.020945849100770113,0.11040814741168033,0.038995062136367095,-0.0028896289781804078,0.21206723566385385,0.16663138833177074,1.0,0.059543448788032693,0.24771904416174853
char_repeat,0.015574372794779948,-0.01742844786459348,0.026741152981372043,-0.03431613332611748,0.2369474301138577,0.018445593055321508,0.1287391293301288,0.022367191175572534,0.014967922716074493,0.36539831554331864,0.007497984014052629,0.5246441730597862,0.27028823539984564,0.059543448788032693,1.0,0.023087211538881908
target_phishing,0.7373759810801808,-0.5091768025013297,0.062262309789277714,-0.34474574522072426,-0.44208914107106584,0.08670262237596095,0.33242415896901495,-0.32428047116798736,-0.18176216168529125,0.21229349351801327,-0.2537797285660404,0.24548588190680445,0.358518254641484,0.24771904416174853,0.023087211538881908,1.0
