feature,group,kept
length_url,URL-based,True
length_hostname,URL-based,True
ip,URL-based,True
nb_dots,URL-based,True
nb_hyphens,URL-based,True
nb_at,URL-based,True
nb_qm,URL-based,True
nb_and,URL-based,True
nb_or,URL-based,False
nb_eq,URL-based,True
nb_underscore,URL-based,True
nb_tilde,URL-based,True
nb_percent,URL-based,True
nb_slash,URL-based,True
nb_star,URL-based,True
nb_colon,URL-based,True
nb_comma,URL-based,True
nb_semicolumn,URL-based,True
nb_dollar,URL-based,True
nb_space,URL-based,True
nb_www,URL-based,True
nb_com,URL-based,True
nb_dslash,URL-based,True
http_in_path,URL-based,True
https_token,URL-based,True
ratio_digits_url,URL-based,True
ratio_digits_host,URL-based,True
punycode,URL-based,True
port,URL-based,True
tld_in_path,URL-based,True
tld_in_subdomain,URL-based,True
abnormal_subdomain,URL-based,True
nb_subdomains,URL-based,True
prefix_suffix,URL-based,True
random_domain,URL-based,True
shortening_service,URL-based,True
path_extension,URL-based,True
nb_redirection,URL-based,True
nb_external_redirection,URL-based,True
length_words_raw,URL-based,True
char_repeat,URL-based,True
shortest_words_raw,URL-based,True
shortest_word_host,URL-based,True
shortest_word_path,URL-based,True
longest_words_raw,URL-based,True
longest_word_host,URL-based,True
longest_word_path,URL-based,True
avg_words_raw,URL-based,True
avg_word_host,URL-based,True
avg_word_path,URL-based,True
phish_hints,URL-based,True
domain_in_brand,URL-based,True
brand_in_subdomain,URL-based,True
brand_in_path,URL-based,True
suspecious_tld,URL-based,True
statistical_report,URL-based,True
nb_hyperlinks,Content-based,True
ratio_intHyperlinks,Content-based,True
ratio_extHyperlinks,Content-based,True
ratio_nullHyperlinks,Content-based,False
nb_extCSS,Content-based,True
ratio_intRedirection,Content-based,False
ratio_extRedirection,Content-based,True
ratio_intErrors,Content-based,False
ratio_extErrors,Content-based,True
login_form,Content-based,True
external_favicon,Content-based,True
links_in_tags,Content-based,True
submit_email,Content-based,False
ratio_intMedia,Content-based,True
ratio_extMedia,Content-based,True
sfh,Content-based,False
iframe,Content-based,True
popup_window,Content-based,True
safe_anchor,Content-based,True
onmouseover,Content-based,True
right_clic,Content-based,True
empty_title,Content-based,True
domain_in_title,Content-based,True
domain_with_copyright,Content-based,True
whois_registered_domain,External-service,True
domain_registration_length,External-service,True
domain_age,External-service,True
web_traffic,External-service,True
dns_record,External-service,True
google_index,External-service,True
page_rank,External-service,True
