,initial_importance,tuned_importance,max_importance
google_index,0.18744686409783268,0.1573017742777328,0.18744686409783268
page_rank,0.09625088761725756,0.1045468384285802,0.1045468384285802
web_traffic,0.0931819279012397,0.07703624437039998,0.0931819279012397
nb_hyperlinks,0.09232959252136246,0.07659620420319524,0.09232959252136246
nb_www,0.03549179924981792,0.0394820744162324,0.0394820744162324
ratio_extHyperlinks,0.03675014713811884,0.02894250178440074,0.03675014713811884
phish_hints,0.022259952190991,0.02978878743423472,0.02978878743423472
domain_age,0.02886172816908281,0.029525585590863674,0.029525585590863674
safe_anchor,0.02181116550966926,0.028064707003230584,0.028064707003230584
longest_word_path,0.026128403321563527,0.025373226495965667,0.026128403321563527
ratio_intHyperlinks,0.025471714779956085,0.02530282103917231,0.025471714779956085
length_url,0.019064686015536573,0.019296577984243266,0.019296577984243266
ratio_digits_url,0.018621199179204694,0.01858003041492166,0.018621199179204694
length_hostname,0.017835553786081447,0.016653006210496004,0.017835553786081447
char_repeat,0.013557662429711445,0.016671269599076406,0.016671269599076406
links_in_tags,0.011870525689580063,0.016635610291672803,0.016635610291672803
avg_word_path,0.015496813963731017,0.016415854886820076,0.016415854886820076
domain_in_title,0.016369795959662488,0.014948363183727225,0.016369795959662488
length_words_raw,0.014301751851921486,0.015328743327849418,0.015328743327849418
ratio_extRedirection,0.011177972873730995,0.014786388273724417,0.014786388273724417
longest_words_raw,0.014290923955447619,0.014629660893034944,0.014629660893034944
ratio_digits_host,0.00872510436287979,0.013889465906787286,0.013889465906787286
nb_dots,0.009834007810033381,0.01301945329491706,0.01301945329491706
domain_registration_length,0.012234198946621238,0.012280480533936563,0.012280480533936563
nb_slash,0.009804816189347889,0.012175122357151345,0.012175122357151345
shortest_word_host,0.00897776455854658,0.012172250553712996,0.012172250553712996
shortest_word_path,0.00970819707093416,0.010950023051941342,0.010950023051941342
ip,0.005882580632723459,0.010468011359536176,0.010468011359536176
avg_words_raw,0.009659741216261298,0.010449111875078302,0.010449111875078302
nb_hyphens,0.009482302671112762,0.008903312386003443,0.009482302671112762
avg_word_host,0.00844421787512582,0.008144842505727617,0.00844421787512582
shortest_words_raw,0.006903564651320354,0.007779961550852297,0.007779961550852297
longest_word_host,0.0073812736840589204,0.006898445738651376,0.0073812736840589204
nb_eq,0.006200067164269881,0.007224680080981963,0.007224680080981963
ratio_extErrors,0.003917841591466011,0.007057118428772831,0.007057118428772831
nb_qm,0.006874021978610528,0.0057400724161526554,0.006874021978610528
ratio_intMedia,0.0038389285690426534,0.006779291663204131,0.006779291663204131
ratio_extMedia,0.005056055722255532,0.006035128139173065,0.006035128139173065
domain_with_copyright,0.00545022371707237,0.005960311095643647,0.005960311095643647
nb_subdomains,0.0038361213989513187,0.004548743287266102,0.004548743287266102
nb_extCSS,0.0032114173417152996,0.004422931574173437,0.004422931574173437
domain_in_brand,0.0026409556452067396,0.0035616770764050143,0.0035616770764050143
nb_redirection,0.003372692693543978,0.003453157444996943,0.003453157444996943
shortening_service,0.0027073379543704214,0.0023466532561697228,0.0027073379543704214
nb_underscore,0.0024453414744800323,0.0024103663852843263,0.0024453414744800323
empty_title,0.0020015975584421765,0.0023899820267795045,0.0023899820267795045
nb_and,0.001797437145716978,0.002339234351923532,0.002339234351923532
prefix_suffix,0.0015731845407691313,0.00225220545578117,0.00225220545578117
tld_in_subdomain,0.0009064977711715329,0.0020517437136106046,0.0020517437136106046
https_token,0.001900687107240243,0.0019417078406404693,0.0019417078406404693
external_favicon,0.0018196894933803632,0.0016288716806683817,0.0018196894933803632
dns_record,0.0014376423880192936,0.0015748553545348238,0.0015748553545348238
nb_com,0.0014192254344612466,0.0010002857734930052,0.0014192254344612466
nb_percent,0.001322500043837893,0.0013894140053782472,0.0013894140053782472
suspecious_tld,0.001312995800485862,0.001115719122110055,0.001312995800485862
statistical_report,0.001182848840682611,0.0010568096213674698,0.001182848840682611
nb_space,0.0010500133399295735,0.000842518964892447,0.0010500133399295735
random_domain,0.0008370892001776739,0.0009120576779732942,0.0009120576779732942
whois_registered_domain,0.0008748511534575208,0.0008838126626570249,0.0008838126626570249
http_in_path,0.0008814873460660539,0.000797097781944636,0.0008814873460660539
login_form,0.0008472683978929588,0.0008670987231210005,0.0008670987231210005
nb_colon,0.0007056790801422748,0.0007433978841025955,0.0007433978841025955
nb_at,0.0001807861207930327,0.0007016220172307923,0.0007016220172307923
tld_in_path,0.0006692390961964388,0.0006993366690692228,0.0006993366690692228
nb_semicolumn,0.0005191728972990275,0.0005563103483932395,0.0005563103483932395
abnormal_subdomain,0.000323609856219669,0.00038803318760706365,0.00038803318760706365
nb_dslash,0.0002902896701460409,0.0002457616082263993,0.0002902896701460409
port,0.00028774145947912136,0.0002404031280683245,0.00028774145947912136
popup_window,0.00013704670781549555,0.0002485504009761018,0.0002485504009761018
brand_in_path,0.00019744582674571535,0.00015611410876484343,0.00019744582674571535
nb_tilde,0.00012609767145869383,9.657904965811009e-05,0.00012609767145869383
brand_in_subdomain,3.9990407316537956e-05,7.911467903100233e-05,7.911467903100233e-05
right_clic,4.341021418574551e-05,7.765463016630001e-05,7.765463016630001e-05
iframe,7.214235385702233e-05,6.013860544429165e-05,7.214235385702233e-05
nb_comma,3.743914436384586e-05,5.331489119442089e-05,5.331489119442089e-05
onmouseover,2.0847615504892543e-05,1.8216546785931257e-05,2.0847615504892543e-05
path_extension,1.7052009944717578e-05,1.1768221556920945e-05,1.7052009944717578e-05
nb_dollar,7.15118535041799e-06,0.0,7.15118535041799e-06
nb_star,0.0,2.482516899435465e-06,2.482516899435465e-06
nb_external_redirection,0.0,9.046778552012489e-07,9.046778552012489e-07
punycode,0.0,0.0,0.0
