length_url,length_hostname,ip,nb_dots,nb_hyphens,nb_at,nb_qm,nb_and,nb_eq,nb_underscore,nb_tilde,nb_percent,nb_slash,nb_star,nb_colon,nb_comma,nb_semicolumn,nb_dollar,nb_space,nb_www,nb_com,nb_dslash,http_in_path,https_token,ratio_digits_url,ratio_digits_host,punycode,port,tld_in_path,tld_in_subdomain,abnormal_subdomain,nb_subdomains,prefix_suffix,random_domain,shortening_service,path_extension,nb_redirection,nb_external_redirection,length_words_raw,char_repeat,shortest_words_raw,shortest_word_host,shortest_word_path,longest_words_raw,longest_word_host,longest_word_path,avg_words_raw,avg_word_host,avg_word_path,phish_hints,domain_in_brand,brand_in_subdomain,brand_in_path,suspecious_tld,statistical_report,nb_hyperlinks,ratio_intHyperlinks,ratio_extHyperlinks,nb_extCSS,ratio_extRedirection,ratio_extErrors,login_form,external_favicon,links_in_tags,ratio_intMedia,ratio_extMedia,iframe,popup_window,safe_anchor,onmouseover,right_clic,empty_title,domain_in_title,domain_with_copyright,whois_registered_domain,domain_registration_length,domain_age,web_traffic,dns_record,google_index,page_rank
30,21,0,2,0,0,0,0,0,0,0,0,3,0,1,0,0,0,0,1,0,0,0,0,0.0,0.0,0,0,0,0,0,2,0,0,0,0,0,0,2,3,3,3,0,14,14,0,8.5,8.5,0.0,0,0,0,0,0,0,161,0.968944099,0.031055901,0,0.4,0.0,0,1,89.65517241,100.0,0.0,0,0,83.33333333,0,0,0,1,1,0,1026,-1,0,0,0,2
60,13,0,2,1,0,0,0,0,0,0,0,8,0,1,0,0,0,0,0,0,0,0,1,0.0,0.0,0,0,0,0,0,2,1,0,0,0,1,0,8,0,2,10,2,10,10,8,5.25,10.0,4.571428571,3,0,0,0,0,0,192,0.229166667,0.770833333,13,0.040540541,0.0,1,1,10.0,0.0,100.0,0,0,19.17808219,0,0,0,1,1,0,211,2345,0,0,1,0
23,15,0,2,1,0,0,0,0,0,0,0,3,0,1,0,0,0,0,1,0,0,0,1,0.0,0.0,0,0,0,0,0,2,1,0,0,0,1,0,3,3,3,3,0,4,4,0,3.333333333,3.333333333,0.0,0,0,0,0,0,0,109,0.990825688,0.009174312,0,2.0,0.0,0,0,100.0,0.0,100.0,0,0,0.0,0,0,0,1,1,0,82,3571,211484,0,0,3
124,46,1,5,0,0,1,2,3,2,0,0,5,0,1,0,0,0,0,1,1,0,0,0,0.225806452,0.0,0,0,0,1,0,3,0,0,0,0,0,0,13,6,2,3,2,17,13,17,7.461538462,7.6,7.375,0,0,0,0,0,0,51,1.0,0.0,0,0.0,0.0,0,0,100.0,100.0,0.0,0,0,100.0,0,0,0,1,1,0,25,3992,5697976,0,1,0
50,24,0,3,1,0,0,0,0,1,0,0,4,0,1,0,0,0,0,0,0,0,0,1,0.0,0.0,0,0,1,0,0,3,1,0,0,0,0,0,7,0,3,4,3,10,10,5,4.857142857,6.333333333,3.75,0,0,0,0,0,0,73,0.8219178079999999,0.178082192,0,0.615384615,0.076923077,0,0,100.0,100.0,0.0,0,0,55.17241379,0,0,0,1,1,0,0,-1,1383746,0,0,5
127,50,1,4,1,0,1,2,3,2,0,0,5,0,1,0,0,0,0,0,1,0,0,1,0.181102362,0.0,0,0,0,1,0,3,1,0,0,0,0,0,13,2,2,3,2,17,13,17,7.769230769,8.4,7.375,0,0,0,0,0,0,51,1.0,0.0,0,0.0,0.0,0,0,100.0,100.0,0.0,0,0,100.0,0,0,0,1,1,0,25,3992,5707171,0,1,0
46,37,0,6,1,0,0,0,0,0,0,0,3,0,1,0,0,0,0,0,0,0,0,0,0.086956522,0.108108108,0,0,0,1,0,3,1,1,0,0,1,0,7,2,2,2,0,6,6,0,4.0,4.0,0.0,0,0,0,0,0,0,3,1.0,0.0,0,0.0,0.0,0,0,100.0,0.0,0.0,0,0,0.0,0,0,0,1,0,1,0,725,23941,0,1,1
21,14,0,1,0,0,0,0,0,0,0,0,2,0,1,0,0,0,0,0,0,0,0,1,0.0,0.0,0,0,0,0,0,1,0,0,0,0,0,0,1,1,11,11,0,11,11,0,11.0,11.0,0.0,0,0,0,0,0,0,378,0.978835979,0.021164021,0,0.625,0.0,0,1,92.85714286,98.48484848,1.515151515,0,0,44.44444444,0,0,0,1,0,1,0,-1,81605,0,0,5
42,16,0,2,0,0,0,0,0,0,0,0,4,0,1,0,0,0,0,0,0,0,0,0,0.0,0.0,0,0,0,0,0,2,0,0,0,0,0,0,4,0,2,2,4,12,9,12,6.75,5.5,8.0,0,1,0,0,0,0,136,0.941176471,0.058823529,0,0.375,0.0,0,0,100.0,100.0,0.0,0,0,55.55555556,0,0,0,0,0,0,904,7131,12,0,0,7
45,15,0,1,0,0,0,0,0,0,0,1,4,0,1,0,0,0,1,0,1,0,0,0,0.044444444,0.0,0,0,0,0,0,1,0,0,0,0,1,0,4,0,4,11,4,11,11,8,7.5,11.0,6.333333333,0,0,0,0,0,0,128,0.984375,0.015625,0,0.0,0.0,0,0,90.0,100.0,0.0,0,0,100.0,0,0,0,0,0,0,260,5948,98000,0,1,6
76,59,0,8,0,0,0,0,0,0,0,0,4,0,1,0,0,0,0,1,1,0,0,1,0.052631579,0.06779661,0,0,1,0,0,3,0,0,0,0,0,0,10,6,2,3,2,16,16,6,5.7,6.125,4.0,1,0,1,0,0,0,0,0.0,0.0,0,0.0,0.0,0,0,0.0,0.0,0.0,0,0,0.0,0,0,1,1,0,0,371,8415,0,0,1,2
54,18,0,3,0,0,0,0,0,0,0,0,6,0,1,0,0,0,0,0,0,0,0,1,0.0,0.0,0,0,0,0,0,3,0,0,0,0,1,0,6,1,4,11,4,11,11,5,5.833333333,11.0,4.8,0,0,0,0,0,0,4,1.0,0.0,0,0.0,0.0,0,0,100.0,0.0,0.0,0,0,100.0,0,0,0,1,0,1,0,-1,0,0,1,0
53,9,0,3,0,1,1,0,1,0,0,0,4,0,1,0,0,0,0,0,1,0,0,1,0.0,0.0,0,0,0,0,0,3,0,1,0,0,0,0,8,1,1,6,1,12,6,12,4.5,6.0,4.285714286,0,0,0,0,0,0,24,0.958333333,0.041666667,0,0.0,0.0,0,0,100.0,95.0,5.0,0,0,0.0,0,0,0,1,0,1,0,-1,0,0,1,0
36,17,0,1,0,0,0,0,0,0,0,0,4,0,1,0,0,0,0,0,0,0,0,0,0.138888889,0.0,0,0,0,0,0,1,0,0,0,0,1,0,3,0,4,13,4,13,13,5,7.333333333,13.0,4.5,0,0,0,0,0,0,8,0.625,0.375,0,0.0,0.0,0,0,40.0,0.0,0.0,0,0,100.0,0,0,0,1,1,0,36,5077,194144,0,1,5
459,23,1,5,2,0,1,0,1,0,0,0,9,0,1,0,0,0,0,0,0,0,0,0,0.479302832,0.0,0,0,0,0,0,3,0,0,0,0,0,0,16,38,2,7,2,288,11,288,27.0,9.0,29.57142857,0,0,0,0,0,0,1,0.0,1.0,0,0.0,0.0,0,0,0.0,0.0,100.0,0,0,0.0,0,0,1,1,0,0,948,7086,18263,0,1,3
35,27,0,2,0,0,0,0,0,0,0,0,3,0,1,0,0,0,0,0,0,0,0,1,0.0,0.0,0,0,0,0,0,2,0,0,0,0,1,0,2,0,8,8,0,14,14,0,11.0,11.0,0.0,1,0,0,0,0,0,37,0.918918919,0.081081081,0,0.0,0.0,0,0,92.30769231,100.0,0.0,0,0,0.0,0,0,0,1,1,0,244,4503,0,0,0,3
183,37,1,2,17,0,0,0,0,0,0,0,8,0,1,0,0,0,0,1,0,0,0,0,0.240437158,0.054054054,0,0,0,0,1,2,0,0,0,0,0,0,25,8,1,5,1,39,9,39,5.88,7.5,5.571428571,0,0,0,0,0,0,7,0.857142857,0.142857143,0,1.0,0.0,0,0,100.0,0.0,0.0,0,0,0.0,0,0,0,1,0,0,149,216,0,0,1,0
20,12,0,1,0,0,0,0,0,0,0,0,3,0,1,0,0,0,0,0,0,0,0,1,0.0,0.0,0,0,0,0,0,1,0,0,0,0,2,0,1,0,8,8,0,8,8,0,8.0,8.0,0.0,0,0,0,0,0,0,14,1.0,0.0,0,0.0,0.0,0,0,100.0,100.0,0.0,0,0,0.0,0,0,0,1,0,0,359,5,0,0,1,0
46,29,0,3,0,0,0,0,0,0,0,0,3,0,1,0,0,0,0,0,0,0,0,1,0.0,0.0,0,0,0,0,0,3,0,0,0,0,0,0,4,1,3,7,3,16,16,5,7.75,11.5,4.0,0,0,0,0,1,0,31,0.032258065,0.967741935,0,0.1,0.033333333,0,0,0.0,0.0,100.0,0,0,0.0,0,0,0,0,0,0,316,-1,0,0,1,0
33,24,0,2,0,0,0,0,0,0,0,0,3,0,1,0,0,0,0,1,0,0,0,0,0.0,0.0,0,0,0,0,0,2,0,0,0,0,0,0,2,3,3,3,0,16,16,0,9.5,9.5,0.0,0,0,0,0,0,0,47,0.446808511,0.553191489,0,0.384615385,0.038461538,1,0,100.0,0.0,100.0,0,0,30.303030300000003,0,0,0,1,1,0,259,2298,569663,0,0,4
119,14,1,1,4,0,0,0,0,0,0,0,4,0,1,0,0,0,0,0,0,0,0,1,0.43697479,0.142857143,0,0,0,0,0,1,1,0,0,0,1,0,7,12,3,3,3,49,6,49,14.57142857,4.5,18.6,1,0,0,0,0,0,44,0.977272727,0.022727273,0,0.0,0.0,0,0,90.0,100.0,0.0,0,0,100.0,0,0,0,1,0,0,90,276,0,0,1,0
85,20,0,2,10,0,0,0,0,0,0,0,6,0,1,0,0,0,0,1,0,0,0,1,0.047058824,0.0,0,0,0,0,0,2,1,0,0,0,1,0,15,3,1,3,1,7,7,7,3.933333333,4.666666667,3.75,0,0,0,0,0,0,24,0.583333333,0.4166666670000001,0,0.0,0.1,0,1,62.5,0.0,100.0,0,0,66.66666667,0,0,0,1,1,0,1097,6208,77911,0,0,5
56,29,0,2,0,0,0,0,0,2,0,0,4,0,1,0,0,0,0,0,0,0,0,1,0.089285714,0.0,0,0,0,0,0,2,0,0,0,0,0,0,6,0,5,6,5,10,10,7,6.666666667,7.666666667,5.666666667,0,0,0,0,0,0,79,0.7468354429999999,0.253164557,0,0.1,0.0,0,1,52.0,0.0,100.0,0,0,100.0,0,0,0,1,1,0,55,3232,65403,0,1,4
17,9,0,1,0,0,0,0,0,0,0,0,3,0,1,0,0,0,0,0,0,0,0,1,0.0,0.0,0,0,0,0,0,1,0,0,0,0,0,0,1,0,5,5,0,5,5,0,5.0,5.0,0.0,0,0,0,0,0,0,24,0.708333333,0.291666667,2,0.0,0.0,0,1,70.0,100.0,0.0,0,0,0.0,0,0,0,0,0,0,297,1895,0,0,0,0
85,21,1,2,1,0,0,0,1,0,0,0,6,0,1,0,0,0,0,1,0,0,0,1,0.247058824,0.0,0,0,0,0,0,2,1,0,1,0,2,0,7,5,3,3,3,32,13,32,9.571428571,8.0,10.2,2,0,0,0,0,0,23,0.7826086959999999,0.217391304,0,0.0,0.2,0,0,66.66666667,100.0,0.0,0,0,20.0,0,0,0,1,1,0,99,4284,0,0,1,1
83,17,0,4,0,1,1,0,1,0,0,0,4,0,1,0,0,0,0,0,1,0,0,0,0.048192771,0.0,0,0,1,0,0,3,0,0,0,0,0,0,9,0,2,4,2,31,8,31,7.0,6.0,7.285714286,0,0,0,0,0,0,46,0.913043478,0.086956522,1,0.0,0.0,0,1,71.42857143,100.0,0.0,0,0,100.0,0,0,0,1,1,0,232,133,0,0,1,0
26,18,0,2,0,0,0,0,0,0,0,0,3,0,1,0,0,0,0,1,0,0,0,1,0.0,0.0,0,0,0,0,0,2,0,0,0,0,0,0,2,4,3,3,0,10,10,0,6.5,6.5,0.0,0,0,0,0,0,0,49,1.0,0.0,0,0.0,0.0,0,0,100.0,100.0,0.0,0,0,100.0,0,0,0,0,0,0,237,7432,1468946,0,0,5
73,15,0,4,0,0,1,1,2,0,0,0,5,0,1,0,0,0,0,0,1,0,0,0,0.0,0.0,0,0,1,0,0,3,0,0,0,0,0,0,11,2,2,4,2,9,6,9,4.6363636360000005,5.0,4.555555556,0,1,0,0,0,0,143,0.909090909,0.090909091,0,0.384615385,0.0,0,0,66.66666667,78.94736842,21.05263158,0,0,11.11111111,0,0,0,0,0,0,2975,8346,1,0,0,10
41,32,0,2,0,0,0,0,0,0,0,0,3,0,1,0,0,0,0,0,0,0,0,0,0.097560976,0.125,0,0,0,0,0,2,0,0,1,0,0,0,2,1,8,8,0,19,19,0,13.5,13.5,0.0,0,1,0,0,0,0,15,0.0,1.0,3,0.0,0.0,0,1,0.0,0.0,0.0,0,0,0.0,0,0,0,1,0,0,374,7295,0,0,1,5
74,15,0,2,6,0,0,0,0,0,0,0,4,0,1,0,0,0,0,1,1,0,0,1,0.0,0.0,0,0,1,0,0,2,0,0,1,0,0,0,10,3,2,3,2,9,7,9,5.4,5.0,5.5,0,0,0,0,0,0,42,0.7142857140000001,0.285714286,0,0.5,0.166666667,0,0,86.66666667,0.0,0.0,0,0,37.5,0,0,0,1,0,0,1336,6699,4589207,0,0,4
39,20,0,2,0,0,0,0,0,0,0,0,4,0,1,0,0,0,0,1,0,0,0,0,0.0,0.0,0,0,0,0,0,2,0,0,0,0,0,0,3,3,3,3,9,12,12,9,8.0,7.5,9.0,0,0,0,0,0,0,226,0.845132743,0.1548672569999999,1,0.171428571,0.142857143,0,1,80.76923077,80.35714286,19.64285714,0,0,48.48484848,0,0,0,0,0,0,479,6096,83476,0,0,4
33,25,0,2,0,0,0,0,0,0,0,0,3,0,1,0,0,0,0,1,0,0,0,1,0.0,0.0,0,0,0,0,0,2,0,0,0,0,3,0,2,5,3,3,0,17,17,0,10.0,10.0,0.0,0,0,0,0,0,0,74,0.445945946,0.554054054,5,0.073170732,0.0,1,1,12.5,0.0,100.0,0,0,17.39130435,0,0,0,1,1,0,53,3965,0,0,0,2
41,14,0,1,0,0,1,0,1,0,0,0,3,0,1,0,0,0,0,0,0,0,0,1,0.024390244,0.0,0,0,0,0,0,1,0,0,0,0,0,0,4,1,1,10,1,11,10,11,6.75,10.0,5.666666667,0,0,0,0,0,0,9,1.0,0.0,0,0.0,0.0,0,0,100.0,0.0,0.0,0,0,0.0,0,0,0,0,0,0,86,279,0,0,0,3
51,42,0,4,2,0,0,0,0,0,0,0,3,0,1,0,0,0,0,0,0,0,0,0,0.058823529,0.071428571,0,0,0,0,0,3,0,0,1,0,0,0,6,2,1,1,0,9,9,0,5.5,5.5,0.0,1,0,0,0,0,0,22,0.181818182,0.818181818,1,0.277777778,0.0,0,1,0.0,16.66666667,83.33333333,0,0,25.0,0,0,0,1,1,0,217,5627,0,0,1,5
28,10,1,4,0,0,0,0,0,0,0,0,3,0,1,0,0,0,0,0,0,0,0,1,0.25,0.7,0,0,1,1,1,3,0,0,0,0,0,0,10,0,1,1,1,6,2,6,2.3,1.75,2.666666667,0,0,0,0,0,2,0,0.0,0.0,0,0.0,0.0,0,0,0.0,0.0,0.0,0,0,0.0,0,0,1,1,0,1,0,-1,0,1,1,0
45,16,0,2,0,0,0,0,0,0,0,1,4,0,1,0,0,0,1,1,0,0,0,1,0.044444444,0.0,0,0,0,0,0,2,0,0,0,0,0,0,5,4,3,3,4,10,8,10,6.0,5.5,6.333333333,0,0,0,0,0,0,684,0.8757309940000001,0.124269006,0,0.670588235,0.011764706,0,0,50.0,0.0,0.0,0,0,0.0,0,0,0,1,0,0,118,4996,158382,0,1,4
25,6,0,1,1,0,0,0,0,0,0,0,3,0,1,0,0,0,0,0,0,0,0,0,0.0,0.0,0,0,0,0,0,1,0,0,0,0,3,0,3,0,3,3,3,6,3,6,4.0,3.0,4.5,0,0,0,0,0,0,52,0.134615385,0.865384615,4,0.177777778,0.088888889,0,1,0.0,0.0,100.0,0,0,75.0,0,0,0,1,1,1,0,-1,0,0,1,4
23,14,0,2,0,0,0,0,0,0,0,0,3,0,1,0,0,0,0,1,0,0,0,0,0.0,0.0,0,0,0,0,0,2,0,0,0,0,0,0,2,3,3,3,0,7,7,0,5.0,5.0,0.0,0,0,0,0,0,0,79,0.949367089,0.050632911,1,0.0,0.0,0,1,95.0,100.0,0.0,0,0,50.0,0,0,0,0,0,0,0,-1,1342598,0,0,2
37,29,0,2,0,0,0,0,0,0,0,0,3,0,1,0,0,0,0,1,0,0,0,1,0.0,0.0,0,0,0,0,0,2,0,0,0,0,2,0,2,3,3,3,0,21,21,0,12.0,12.0,0.0,0,0,0,0,0,0,63,0.047619048,0.952380952,3,0.4,0.033333333,0,1,6.666666667,0.0,100.0,0,0,6.666666667,0,0,0,1,1,0,275,4108,0,0,0,2
208,24,1,6,2,0,0,0,0,9,0,0,7,0,1,0,0,0,0,0,0,0,0,0,0.408653846,0.0,0,0,0,0,0,3,1,0,0,0,0,0,22,26,2,5,2,22,14,22,7.954545455,9.5,7.8,0,0,0,0,0,0,20,1.0,0.0,0,0.0,0.0,0,0,100.0,100.0,0.0,0,0,100.0,0,0,0,1,1,0,93,4656,10531930,0,1,3
31,24,0,2,0,0,0,0,0,0,0,0,2,0,1,0,0,0,0,0,0,0,0,1,0.0,0.0,0,0,0,0,0,2,0,0,1,0,1,0,2,1,8,8,0,11,11,0,9.5,9.5,0.0,0,1,0,0,0,0,16,0.1875,0.8125,0,0.846153846,0.615384615,0,1,28.57142857,0.0,0.0,0,0,14.28571429,0,0,0,1,0,0,374,7295,0,0,1,5
52,16,0,2,2,0,0,0,0,0,0,0,5,0,1,0,0,0,0,0,0,0,0,0,0.0,0.0,0,0,0,0,0,2,1,0,0,0,1,0,7,1,4,5,4,6,6,6,4.857142857,5.5,4.6,2,1,0,0,0,0,1,0.0,1.0,0,0.0,0.0,0,0,0.0,0.0,100.0,0,0,0.0,0,0,0,0,0,0,2976,8346,1,0,0,10
69,20,1,2,0,0,0,0,0,0,0,0,3,0,1,0,0,0,0,0,0,0,0,0,0.391304348,0.0,0,0,0,0,0,2,0,0,0,0,0,0,3,2,4,4,40,40,11,40,18.33333333,7.5,40.0,0,0,0,0,0,0,23,0.869565217,0.130434783,1,0.0,0.0,0,1,90.90909091,0.0,0.0,0,0,0.0,0,0,0,1,0,0,228,1963,5967691,0,0,3
45,17,0,3,0,0,0,0,0,0,0,0,4,0,1,0,0,0,0,1,0,0,0,1,0.0,0.0,0,0,0,0,0,3,0,1,0,0,1,0,5,4,3,3,9,10,4,10,6.0,3.666666667,9.5,1,0,0,0,0,0,263,0.969581749,0.030418251,0,1.0,0.0,0,0,100.0,100.0,0.0,0,0,33.33333333,0,0,0,0,0,0,0,-1,1540,0,0,6
26,19,0,2,0,0,0,0,0,0,0,0,2,0,1,0,0,0,0,1,0,0,0,1,0.0,0.0,0,0,0,0,0,2,0,0,1,0,1,0,2,3,3,3,0,11,11,0,7.0,7.0,0.0,0,0,0,0,0,0,16,0.8125,0.1875,1,0.0,0.0,0,1,90.0,0.0,0.0,0,0,0.0,0,0,0,0,0,0,114,7921,3601536,0,0,2
63,16,0,3,4,0,0,0,0,0,0,0,5,0,1,0,0,0,0,1,0,0,0,1,0.095238095,0.0,0,0,0,0,0,3,0,0,0,0,1,0,10,6,2,3,2,8,8,6,4.3,5.5,4.0,0,0,0,0,0,0,234,0.273504274,0.7264957259999999,3,0.311764706,0.052941176,0,1,0.0,44.70588235,55.29411765,0,0,21.21212121,0,0,0,1,0,0,96,-1,542185,0,0,4
121,57,1,2,3,0,1,2,3,0,0,0,4,0,1,0,0,0,0,0,0,0,0,0,0.140495868,0.122807018,0,0,0,0,0,2,0,0,0,0,0,0,12,3,2,4,2,18,18,15,8.083333332999999,9.8,6.857142857,2,0,0,0,0,2,45,1.0,0.0,0,0.0,0.0,0,0,100.0,100.0,0.0,0,0,0.0,0,0,0,1,0,0,264,101,0,0,1,0
40,22,0,2,0,0,0,0,0,0,0,0,4,0,1,0,0,0,0,0,0,0,0,0,0.125,0.181818182,0,0,0,0,0,2,0,0,0,0,1,0,4,1,2,8,2,9,9,6,6.25,8.5,4.0,1,0,0,0,0,0,116,0.879310345,0.120689655,0,0.214285714,0.071428571,0,1,87.09677419,83.33333333,16.66666667,0,0,0.0,0,0,0,0,0,0,333,6606,899,0,1,5
35,14,1,2,0,0,0,0,0,0,0,0,4,0,1,0,0,0,0,1,0,0,0,0,0.2,0.0,0,0,0,0,0,2,0,0,0,0,0,0,4,4,3,3,4,7,6,7,5.0,4.5,5.5,0,0,0,0,0,0,229,0.938864629,0.061135371,0,0.0,0.071428571,0,0,100.0,100.0,0.0,0,0,60.0,0,0,0,0,0,0,643,7027,15325,0,0,7
64,19,0,2,0,0,0,0,0,3,0,0,5,0,1,0,0,0,0,0,0,0,0,1,0.0,0.0,0,0,0,0,0,2,0,0,0,0,0,0,8,1,4,4,4,10,10,8,5.75,7.0,5.333333333,0,0,0,0,0,0,146,0.945205479,0.054794521,0,0.25,0.25,0,0,100.0,25.0,75.0,0,0,77.27272727,0,0,0,1,1,0,279,6661,3700,0,0,6
119,11,0,3,9,0,0,0,0,0,0,0,6,0,1,0,0,0,0,0,0,0,0,1,0.0,0.0,0,0,0,0,0,3,0,1,0,0,2,0,15,0,2,4,2,12,4,12,6.066666667000001,4.0,6.214285714,0,0,0,0,0,0,382,0.965968586,0.034031414,0,0.692307692,0.153846154,0,0,83.33333333,100.0,0.0,0,0,72.72727273,0,0,0,0,0,1,0,-1,38929,0,1,6
38,19,0,2,1,0,0,0,0,0,0,0,4,0,1,0,0,0,0,0,0,0,0,1,0.0,0.0,0,0,0,0,0,2,1,0,0,0,1,0,5,0,4,4,4,6,5,6,4.6,4.333333333,5.0,0,0,0,0,0,0,512,0.7109375,0.2890625,2,0.344594595,0.054054054,0,1,25.0,33.33333333,66.66666667,0,0,22.22222222,0,0,0,1,1,0,137,6073,14411,0,0,5
37,28,0,2,1,0,0,0,0,0,0,0,3,0,1,0,0,0,0,1,0,0,0,0,0.0,0.0,0,0,0,0,0,2,1,0,0,0,0,0,3,3,3,3,0,12,12,0,7.666666667,7.666666667,0.0,0,0,0,0,0,0,142,1.0,0.0,0,0.0,0.0,0,0,100.0,100.0,0.0,0,0,100.0,0,0,0,1,1,0,0,-1,0,0,0,2
34,21,0,2,0,0,0,0,1,2,0,0,3,0,1,0,0,0,0,0,0,0,0,0,0.0,0.0,0,0,0,0,0,2,0,0,0,0,0,0,3,1,1,6,1,10,10,1,5.666666667,8.0,1.0,0,1,0,0,0,0,9,1.0,0.0,0,0.0,0.0,0,0,100.0,0.0,0.0,0,0,0.0,0,0,0,1,0,0,1048,5160,0,0,0,8
59,21,0,2,0,0,0,0,0,0,0,0,6,0,1,0,0,0,0,1,0,0,0,0,0.06779661,0.0,0,0,0,0,0,2,0,0,0,0,0,0,6,3,3,3,4,13,13,8,7.0,8.0,6.5,1,0,0,0,0,0,129,0.968992248,0.031007752,0,0.25,0.0,0,0,97.5,95.12195122,4.87804878,0,0,50.0,0,0,0,1,1,0,65,3952,3862928,0,0,4
23,14,0,2,0,0,0,0,0,0,0,0,3,0,1,0,0,0,0,1,0,0,0,0,0.0,0.0,0,0,0,0,0,2,0,0,0,0,0,0,2,3,3,3,0,7,7,0,5.0,5.0,0.0,0,0,0,0,0,0,164,0.853658537,0.146341463,0,0.4166666670000001,0.0,0,0,90.90909091,97.91666667,2.083333333,0,0,16.0,0,0,0,0,1,1,0,5731,10466422,0,0,3
78,25,1,2,3,0,0,0,0,0,0,0,6,0,1,0,0,0,0,1,2,0,0,0,0.08974359,0.0,0,0,1,0,0,2,0,0,0,0,0,0,9,3,1,3,1,18,18,10,6.555555556,10.5,5.428571429,0,0,0,0,0,0,215,0.906976744,0.093023256,0,0.35,0.6,0,1,50.0,100.0,0.0,0,0,97.61904762,0,0,0,1,1,0,2261,-1,19726,0,0,4
37,25,0,2,0,0,0,0,0,0,0,0,4,0,1,0,0,0,0,0,0,0,0,1,0.216216216,0.32,0,0,0,0,1,2,0,0,0,0,1,0,3,1,3,10,3,11,11,3,8.0,10.5,3.0,0,0,0,0,0,0,8,1.0,0.0,0,0.0,0.0,0,0,100.0,0.0,0.0,0,0,0.0,0,0,0,0,0,0,122,1338,22211,0,1,6
123,21,0,5,1,1,1,0,1,0,0,0,9,0,1,0,0,0,0,1,0,0,0,1,0.0,0.0,0,0,0,0,0,3,1,0,0,0,0,0,16,5,2,3,2,15,14,15,6.125,8.5,5.785714286,4,0,0,0,0,0,6,0.333333333,0.666666667,0,0.0,0.0,0,1,50.0,0.0,100.0,0,0,0.0,0,0,0,1,0,0,139,4609,0,0,1,3
55,13,0,1,0,0,0,0,0,2,0,0,4,0,1,0,0,0,0,0,1,0,0,0,0.0,0.0,0,0,1,0,0,1,0,0,0,0,0,0,5,1,4,9,4,10,9,10,7.8,9.0,7.5,0,0,0,0,0,0,52,0.980769231,0.019230769,0,0.0,0.0,0,0,87.5,0.0,0.0,0,0,100.0,0,0,0,1,1,0,1945,7185,20677,0,0,5
31,22,0,2,0,0,0,0,0,0,0,0,3,0,1,0,0,0,0,1,0,0,0,0,0.032258065,0.045454545,0,0,0,0,0,2,0,0,0,0,0,0,2,3,3,3,0,14,14,0,8.5,8.5,0.0,0,0,0,0,0,0,215,0.711627907,0.288372093,7,0.032258065,0.032258065,0,1,0.0,9.090909091,90.90909091,0,0,37.5,0,0,0,1,1,0,378,1813,5357492,0,0,2
62,20,0,2,0,0,0,0,0,0,0,0,6,0,1,0,0,0,0,0,0,0,0,1,0.0,0.0,0,0,0,0,0,2,0,0,0,0,3,0,6,2,3,16,3,16,16,10,7.666666667,16.0,6.0,1,0,0,0,0,0,146,0.246575342,0.753424658,8,0.036363636,0.0,1,1,4.87804878,0.0,100.0,0,0,16.66666667,0,0,0,1,1,0,108,3910,0,0,1,0
39,13,0,2,1,0,0,0,0,0,0,0,5,0,1,0,0,0,0,0,0,0,0,1,0.0,0.0,0,0,0,0,0,2,1,0,0,0,1,0,6,0,2,4,2,5,5,5,4.0,4.5,3.75,0,0,0,0,0,0,12,0.75,0.25,0,0.0,0.0,0,0,100.0,0.0,100.0,0,0,92.30769231,0,0,0,1,0,0,55,1771,0,0,1,0
37,16,0,3,0,0,0,0,0,0,0,0,4,0,1,0,0,0,0,0,0,0,0,0,0.108108108,0.0,0,0,0,0,0,3,0,0,0,0,1,0,5,0,3,5,3,7,7,4,4.4,6.0,3.333333333,1,0,0,0,0,0,35,0.257142857,0.7428571429999999,2,0.115384615,0.0,0,1,0.0,0.0,100.0,0,0,75.0,0,0,0,1,0,0,129,967,0,0,1,0
48,40,0,4,2,0,0,0,0,0,0,0,3,0,1,0,0,0,0,0,0,0,0,1,0.1875,0.225,0,0,0,0,0,3,0,0,1,0,0,0,6,2,1,1,0,9,9,0,5.166666667,5.166666667,0.0,0,0,0,0,0,0,11,1.0,0.0,0,0.0,0.0,0,0,100.0,100.0,0.0,0,0,0.0,0,0,0,1,0,0,218,5626,0,0,1,5
48,15,0,2,2,0,0,0,0,0,0,0,5,0,1,0,0,0,0,1,0,0,0,0,0.0,0.0,0,0,0,0,0,2,0,0,1,0,0,0,7,3,1,3,1,7,7,7,4.285714286,5.0,4.0,0,1,0,0,0,0,336,0.7351190479999999,0.264880952,1,0.056179775,0.02247191,0,1,78.57142857,35.9223301,64.0776699,0,0,73.68421053,0,0,0,0,0,0,60,9283,124,0,0,7
41,20,0,2,0,0,0,0,0,0,0,0,5,0,1,0,0,0,0,1,0,0,0,1,0.0,0.0,0,0,0,0,0,2,0,0,0,0,0,0,4,3,3,3,4,12,12,7,6.5,7.5,5.5,0,0,0,0,0,0,0,0.0,0.0,0,0.0,0.0,0,0,0.0,0.0,0.0,0,0,0.0,0,0,1,1,0,0,1135,6535,4188162,0,1,3
54,26,0,3,1,0,0,0,0,0,0,0,3,0,1,0,0,0,0,0,2,0,0,1,0.018518519,0.0,0,0,1,1,0,3,0,0,0,0,1,0,5,1,3,8,3,13,13,8,7.8,10.5,6.0,0,0,0,0,0,0,140,0.907142857,0.092857143,0,0.307692308,0.153846154,0,0,90.90909091,100.0,0.0,0,0,47.05882353,0,0,0,0,0,0,349,8051,1593,0,0,5
30,10,0,1,0,0,0,0,0,0,0,0,4,0,1,0,0,0,0,0,0,0,0,0,0.0,0.0,0,0,0,0,0,1,0,0,0,0,0,0,3,0,5,6,5,6,6,5,5.333333333,6.0,5.0,0,1,0,0,0,0,225,0.804444444,0.195555556,3,0.181818182,0.090909091,0,1,10.0,42.85714286,57.14285714,0,0,97.93814433,0,0,0,0,0,0,76,4672,90,0,0,9
94,27,0,4,0,0,0,0,0,0,0,0,7,0,1,0,0,0,0,1,1,0,0,1,0.0,0.0,0,0,1,0,0,3,0,0,0,0,0,0,8,3,3,3,6,21,9,21,9.375,7.0,10.8,1,0,0,0,0,0,5,1.0,0.0,0,0.0,0.0,0,0,100.0,0.0,0.0,0,0,0.0,0,0,0,1,0,0,101,630,0,0,1,0
54,16,0,2,0,0,0,0,0,1,0,0,5,0,1,0,0,0,0,0,0,0,0,0,0.0,0.0,0,0,0,0,0,2,0,0,0,0,0,0,6,3,2,2,3,11,9,11,6.166666667,5.5,6.5,0,0,0,0,0,0,121,0.8429752070000001,0.157024793,0,0.263157895,0.0,0,0,100.0,100.0,0.0,0,0,29.62962963,0,0,0,0,0,0,359,6215,3167,0,0,5
124,50,1,4,1,0,1,2,3,2,0,0,4,0,1,0,0,0,0,0,1,0,0,1,0.201612903,0.0,0,0,0,1,0,3,1,0,0,0,1,0,12,4,2,3,2,17,13,17,8.25,8.4,8.142857142999999,0,0,0,0,0,0,51,1.0,0.0,0,0.0,0.0,0,0,100.0,100.0,0.0,0,0,100.0,0,0,0,1,1,0,24,3993,5707171,0,1,0
80,20,1,3,4,0,0,0,0,0,0,0,6,0,1,0,0,0,0,1,1,0,0,1,0.1125,0.0,0,0,1,0,0,3,0,0,0,0,2,0,11,6,2,3,2,12,12,9,5.363636364,7.5,4.888888889,0,0,0,0,0,0,202,0.747524752,0.252475248,2,0.294117647,0.098039216,0,1,81.66666667,70.0,30.0,0,0,38.0952381,0,0,0,1,1,0,365,9131,15561,0,1,6
235,19,1,1,2,0,1,2,3,2,0,0,13,0,1,0,2,0,0,0,0,0,0,1,0.221276596,0.0,0,0,0,0,0,1,1,0,0,0,0,0,20,11,2,15,2,40,15,40,10.15,15.0,9.894736842,5,0,0,0,0,0,120,0.033333333,0.966666667,13,0.0,0.043103448,0,1,1.960784314,0.0,100.0,0,0,7.142857143,0,0,0,1,0,0,238,1589,0,0,1,0
43,35,0,4,0,0,0,0,0,0,0,0,3,0,1,0,0,0,0,0,0,0,0,1,0.093023256,0.114285714,0,0,0,0,0,3,0,0,0,0,0,0,4,0,4,4,0,10,10,0,7.0,7.0,0.0,1,0,0,0,0,0,1,1.0,0.0,0,0.0,0.0,0,0,0.0,0.0,0.0,0,0,0.0,0,0,0,1,0,0,290,1901,0,0,1,0
26,10,0,1,0,0,0,0,0,0,0,0,3,0,1,0,0,0,0,0,0,0,0,0,0.038461538,0.0,0,0,0,0,0,1,0,0,0,0,1,0,2,0,7,7,7,7,7,7,7.0,7.0,7.0,0,0,0,0,0,0,8,0.125,0.875,1,0.0,0.0,0,1,33.33333333,0.0,100.0,0,0,0.0,0,0,0,0,0,0,0,2139,309382,0,1,7
35,27,0,2,0,0,0,0,0,0,0,0,3,0,1,0,0,0,0,0,0,0,0,1,0.0,0.0,0,0,0,0,0,2,0,0,0,0,0,0,2,0,9,9,0,13,13,0,11.0,11.0,0.0,1,0,0,0,0,2,611,0.081833061,0.918166939,0,0.01426025,0.595365419,0,1,92.0,100.0,0.0,0,0,0.17921147,0,0,0,1,1,0,184,3103,0,0,0,4
71,27,0,3,2,0,0,0,0,0,0,0,5,0,1,0,0,0,0,1,1,0,0,0,0.0,0.0,0,0,0,0,0,3,1,0,0,0,0,0,6,3,3,3,5,16,16,9,8.333333332999999,9.5,7.75,0,0,0,0,0,0,324,0.901234568,0.098765432,4,0.0,0.0,0,1,12.5,33.33333333,66.66666667,0,0,98.88888889,0,0,0,1,0,1,0,-1,361309,0,0,4
33,14,0,2,0,0,0,0,0,0,0,0,3,0,1,0,0,0,0,0,0,0,0,0,0.090909091,0.071428571,0,0,0,0,0,2,0,0,0,0,2,0,3,1,3,3,10,10,5,10,6.0,4.0,10.0,1,0,0,0,1,0,38,0.578947368,0.421052632,0,0.0,0.125,0,1,50.0,100.0,0.0,0,0,100.0,0,0,0,1,0,0,2430,1953,4365,0,1,3
29,15,0,1,0,0,0,0,0,0,0,0,4,0,1,0,0,0,0,0,0,0,0,1,0.068965517,0.0,0,0,0,0,0,1,0,0,0,0,0,0,2,1,5,11,5,11,11,5,8.0,11.0,5.0,0,0,0,0,0,0,41,0.951219512,0.048780488,0,0.5,0.0,0,0,100.0,100.0,0.0,0,0,66.66666667,0,0,0,1,0,0,309,-1,0,0,1,0
20,12,0,2,0,0,0,0,0,0,0,0,3,0,1,0,0,0,0,0,0,0,0,1,0.2,0.333333333,0,0,0,0,0,2,0,1,0,0,0,0,2,3,1,1,0,6,6,0,3.5,3.5,0.0,0,0,0,0,0,0,45,1.0,0.0,0,0.0,0.0,0,0,100.0,100.0,0.0,0,0,0.0,0,0,0,1,1,0,230,1231,0,0,1,0
105,32,0,3,1,1,1,0,1,0,0,0,7,0,1,0,0,0,0,1,1,0,0,1,0.0,0.0,0,0,1,0,0,3,1,0,0,0,0,0,11,3,2,3,2,24,24,11,7.545454545,13.5,6.222222222,3,0,0,0,0,0,22,0.954545455,0.045454545,0,0.0,0.0,0,0,87.5,100.0,0.0,0,0,0.0,0,0,0,1,0,0,447,284,0,0,1,0
15,4,0,1,0,0,0,0,0,0,0,0,3,0,1,0,0,0,0,0,0,0,0,1,0.066666667,0.25,0,0,0,0,0,1,0,0,0,0,4,0,2,0,1,1,3,3,1,3,2.0,1.0,3.0,0,0,0,0,0,0,56,0.0,1.0,10,0.017857143,0.0,0,1,0.0,0.0,100.0,0,0,0.0,0,0,0,1,1,0,0,-1,0,0,1,4
81,27,0,1,6,0,0,0,0,0,0,0,4,0,1,0,0,0,0,0,0,0,0,1,0.024691358,0.0,0,0,0,0,0,1,0,0,0,0,1,0,8,3,2,23,2,23,23,9,7.75,23.0,5.571428571,0,0,0,0,0,0,95,0.221052632,0.778947368,1,0.432432432,0.067567568,0,1,56.25,0.0,100.0,0,1,50.0,0,0,0,1,1,0,60,2496,408088,0,1,4
51,16,0,2,0,0,0,0,0,2,0,0,4,0,1,0,0,0,0,0,0,0,0,0,0.0,0.0,0,0,0,0,0,2,0,0,0,0,0,0,6,2,2,2,4,9,9,7,5.666666667,5.5,5.75,0,1,0,0,0,0,511,0.951076321,0.048923679,0,0.4,0.16,0,0,100.0,100.0,0.0,0,0,79.33884298,0,0,0,0,0,0,903,7132,12,0,0,7
60,24,0,3,0,0,1,0,1,1,0,0,5,0,1,0,0,0,0,0,0,0,0,1,0.0,0.0,0,0,0,0,0,3,0,1,0,0,1,0,7,2,2,5,2,11,11,10,5.571428571,8.0,4.6,0,0,0,0,0,0,421,0.180522565,0.819477435,12,0.107246377,0.005797101,1,1,21.73913043,0.0,100.0,0,0,19.13357401,0,0,0,1,1,0,1802,-1,837228,0,1,0
27,19,0,1,0,0,0,0,0,0,0,0,3,0,1,0,0,0,0,0,0,0,0,1,0.0,0.0,0,0,0,0,0,1,0,0,0,0,1,0,1,0,15,15,0,15,15,0,15.0,15.0,0.0,0,0,0,0,0,0,19,0.736842105,0.263157895,0,0.8,0.0,0,0,25.0,87.5,12.5,0,0,66.66666667,0,0,0,1,0,0,458,3925,0,0,0,0
24,16,0,2,0,0,0,0,0,0,0,0,3,0,1,0,0,0,0,1,0,0,0,1,0.041666667,0.0625,0,0,0,0,0,2,0,0,0,0,1,0,2,3,3,3,0,9,9,0,6.0,6.0,0.0,0,0,0,0,0,0,26,1.0,0.0,0,0.0,0.0,0,0,100.0,100.0,0.0,0,0,0.0,0,0,0,0,0,0,418,2139,2715,0,0,4
49,7,0,2,0,0,0,0,0,0,0,2,4,0,1,0,0,0,2,0,0,0,0,1,0.081632653,0.0,0,0,1,0,0,2,0,1,0,0,0,0,6,6,3,4,3,12,4,12,5.666666667,4.0,6.0,0,0,0,0,0,0,0,0.0,0.0,0,0.0,0.0,0,0,0.0,0.0,0.0,0,0,0.0,0,0,1,1,1,0,254,-1,1260839,0,1,3
58,16,0,3,6,0,0,0,0,0,0,0,3,0,1,0,0,0,0,1,0,0,0,1,0.0,0.0,0,0,0,0,0,3,1,1,0,0,1,0,10,3,1,3,1,7,4,7,3.8,3.333333333,4.0,0,0,0,0,0,0,45,0.488888889,0.5111111110000001,2,0.304347826,0.043478261,0,1,81.81818182,0.0,100.0,0,0,65.11627907,0,0,0,1,0,0,295,5913,86462,0,0,5
33,24,0,3,0,0,0,0,0,0,0,0,3,0,1,0,0,0,0,1,0,0,0,0,0.0,0.0,0,0,0,0,0,3,0,0,0,0,0,0,2,3,3,3,0,13,13,0,8.0,8.0,0.0,0,0,0,0,0,0,159,0.880503145,0.119496855,0,0.052631579,0.052631579,0,0,73.33333333,100.0,0.0,0,0,0.0,0,0,0,1,1,0,0,-1,3491656,0,0,5
83,14,0,3,1,0,0,0,0,4,0,0,5,0,1,0,0,0,0,1,0,0,0,1,0.072289157,0.0,0,0,0,0,0,3,1,0,0,0,0,0,11,6,2,3,2,9,6,9,5.6363636360000005,4.5,5.888888889,0,0,0,0,0,0,0,0.0,0.0,0,0.0,0.0,0,0,0.0,0.0,0.0,0,0,0.0,0,0,1,1,1,0,316,8814,6840689,0,0,3
22,14,0,2,0,0,0,0,0,0,0,0,3,0,1,0,0,0,0,1,0,0,0,1,0.0,0.0,0,0,0,0,0,2,0,1,0,0,0,0,2,3,3,3,0,6,6,0,4.5,4.5,0.0,0,0,0,0,0,0,1247,0.995188452,0.004811548,0,0.333333333,0.0,0,0,91.66666667,100.0,0.0,0,0,50.0,0,0,0,0,0,0,281,-1,488874,0,0,2
26,17,0,2,0,0,0,0,0,0,0,0,3,0,1,0,0,0,0,1,0,0,0,0,0.0,0.0,0,0,0,0,0,2,0,0,0,0,0,0,2,3,3,3,0,9,9,0,6.0,6.0,0.0,0,0,0,0,0,0,67,0.985074627,0.014925373,0,0.0,0.0,0,0,50.0,0.0,0.0,0,0,100.0,0,0,0,0,1,0,306,4441,1175360,0,0,5
32,24,0,2,0,0,0,0,0,0,0,0,3,0,1,0,0,0,0,0,0,0,0,1,0.0,0.0,0,0,0,0,0,2,0,1,0,0,0,0,2,0,2,2,0,18,18,0,10.0,10.0,0.0,0,0,0,0,0,0,1,1.0,0.0,0,0.0,0.0,0,0,100.0,0.0,0.0,0,0,0.0,0,0,1,1,0,1,0,-1,20689,0,1,2
85,18,0,2,6,0,0,0,0,0,0,0,7,0,1,0,0,0,0,1,0,0,0,1,0.094117647,0.0,0,0,0,0,0,2,0,0,0,0,1,0,12,4,2,3,2,10,10,9,5.166666667,6.5,4.9,0,0,0,0,0,0,42,0.333333333,0.666666667,0,0.321428571,0.0,0,0,42.85714286,50.0,50.0,0,0,38.70967742,0,0,0,0,1,0,895,4964,62075,0,0,5
56,20,0,2,1,0,0,0,0,0,0,0,7,0,1,0,0,0,0,1,0,0,0,1,0.0,0.0,0,0,0,0,0,2,1,0,0,0,0,0,7,3,3,3,5,7,7,7,5.428571429,4.666666667,6.0,1,0,0,0,0,0,38,0.815789474,0.184210526,0,0.7142857140000001,0.0,0,0,100.0,100.0,0.0,0,0,0.0,0,0,0,1,1,0,169,6041,0,0,1,1
71,22,0,3,0,0,0,0,0,0,0,0,7,0,1,0,0,0,0,1,0,0,0,1,0.0,0.0,0,0,0,0,0,3,0,0,0,0,0,0,8,5,3,3,4,14,14,9,6.625,8.5,6.0,0,0,0,0,0,1,0,0.0,0.0,0,0.0,0.0,0,0,0.0,0.0,0.0,0,0,0.0,0,0,1,1,0,0,299,432,0,0,1,2
30,21,0,2,0,0,0,0,0,0,0,0,3,0,1,0,0,0,0,0,0,0,0,0,0.0,0.0,0,0,0,0,0,2,0,0,1,0,0,0,2,0,8,8,0,8,8,0,8.0,8.0,0.0,0,1,0,0,0,0,14,0.071428571,0.928571429,0,0.230769231,0.0,0,1,0.0,0.0,0.0,0,0,14.28571429,0,0,0,1,0,0,373,7296,0,0,1,5
39,15,0,2,0,0,0,0,0,0,0,0,4,0,1,0,0,0,0,0,0,0,0,1,0.051282051,0.0,0,0,0,0,0,2,0,0,0,0,0,0,4,1,4,11,4,11,11,5,6.25,11.0,4.666666667,1,0,0,0,0,0,41,0.951219512,0.048780488,0,0.5,0.0,0,0,100.0,100.0,0.0,0,0,66.66666667,0,0,0,1,0,0,309,-1,0,0,1,0
74,11,0,3,1,0,0,0,0,1,0,0,8,0,1,0,0,0,0,1,0,0,0,1,0.0,0.0,0,0,0,0,0,3,0,1,0,0,0,0,11,3,3,3,4,8,3,8,4.818181818,3.0,5.222222222,0,0,0,0,0,0,9,1.0,0.0,0,0.0,0.0,0,0,100.0,0.0,0.0,0,0,100.0,0,0,0,0,0,0,853,9007,7971,0,0,7
41,16,0,2,2,0,0,0,0,0,0,0,4,0,1,0,0,0,0,0,0,0,0,0,0.0,0.0,0,0,0,0,0,2,0,0,0,0,0,0,6,0,2,2,2,9,9,4,4.0,5.5,3.25,0,1,0,0,0,0,146,0.910958904,0.089041096,0,0.384615385,0.0,0,0,100.0,100.0,0.0,0,0,51.85185185,0,0,0,1,1,0,902,7133,12,0,0,7
75,20,0,2,0,0,1,0,2,0,0,0,4,0,1,0,1,0,0,0,0,0,0,1,0.053333333,0.0,0,0,0,0,0,2,0,0,0,0,1,0,7,3,4,5,4,16,10,16,8.285714286000001,7.5,8.6,1,0,0,0,0,0,0,0.0,0.0,0,0.0,0.0,0,0,0.0,0.0,0.0,0,0,0.0,0,0,0,1,0,0,198,8202,114489,0,0,5
119,42,1,4,0,0,1,2,3,2,0,0,5,0,1,0,0,0,0,0,1,0,0,1,0.159663866,0.0,0,0,0,1,0,3,0,0,0,0,1,0,12,1,2,3,2,17,13,17,7.833333333,8.75,7.375,0,0,0,0,0,0,4,1.0,0.0,0,0.0,0.0,0,0,100.0,0.0,0.0,0,0,100.0,0,0,0,1,0,0,15,4003,5816617,0,1,0
39,22,0,2,0,0,0,0,0,0,0,0,5,0,1,0,0,0,0,1,0,0,0,1,0.0,0.0,0,0,0,0,0,2,0,0,0,0,0,0,4,3,2,3,2,14,14,5,6.0,8.5,3.5,1,0,0,0,0,1,0,0.0,0.0,0,0.0,0.0,0,0,0.0,0.0,0.0,0,0,0.0,0,0,1,1,0,0,22,343,0,0,1,0
46,27,0,2,1,0,0,0,0,0,0,0,5,0,1,0,0,0,0,0,0,0,0,1,0.086956522,0.0,0,0,0,0,0,2,1,0,0,0,0,0,5,1,4,6,4,8,8,5,6.2,7.333333333,4.5,0,0,0,0,0,0,0,0.0,0.0,0,0.0,0.0,0,0,0.0,0.0,0.0,0,0,0.0,0,0,0,1,0,0,272,3381,0,0,1,0
65,16,0,2,1,0,0,0,0,0,0,0,8,0,1,0,0,0,0,1,0,0,0,1,0.0,0.0,0,0,0,0,0,2,1,0,0,0,0,0,8,4,3,3,3,9,9,9,5.875,6.0,5.833333333,2,0,0,0,0,0,189,0.8412698409999999,0.158730159,0,0.7,0.033333333,0,0,100.0,100.0,0.0,0,0,14.28571429,0,0,0,1,1,1,0,-1,0,0,1,1
74,25,0,3,2,0,0,0,0,0,0,0,7,0,1,0,0,0,0,1,0,0,0,0,0.081081081,0.0,0,0,0,0,0,3,1,0,0,0,0,0,10,5,2,3,2,17,17,7,5.3,10.0,4.125,2,0,0,0,0,0,0,0.0,0.0,0,0.0,0.0,0,0,0.0,0.0,0.0,0,0,0.0,0,0,1,1,0,0,177,553,0,0,1,2
32,23,0,2,1,0,0,0,0,0,0,0,3,0,1,0,0,0,0,1,0,0,0,0,0.0,0.0,0,0,0,0,0,2,1,0,0,0,0,0,3,3,3,3,0,8,8,0,5.666666667,5.666666667,0.0,0,0,0,0,0,0,11,0.727272727,0.272727273,0,0.0,0.0,0,0,83.33333333,0.0,0.0,0,0,33.33333333,0,0,0,1,1,0,705,6600,4547034,0,0,4
69,21,0,3,0,0,0,0,0,2,0,0,5,0,1,0,0,0,0,1,0,0,0,1,0.0,0.0,0,0,0,0,0,3,0,0,0,0,1,0,8,4,3,3,3,13,13,12,6.375,8.0,5.833333333,0,0,0,0,0,0,249,0.879518072,0.120481928,0,0.266666667,0.133333333,0,0,75.0,100.0,0.0,0,0,6.666666667,0,0,0,1,0,0,315,7354,22857,0,0,5
68,15,0,4,0,0,0,0,0,1,0,0,7,0,1,0,0,0,0,0,0,0,0,0,0.279411765,0.0,0,0,0,0,0,3,0,0,0,0,0,0,10,2,2,4,2,11,6,11,4.7,5.0,4.625,0,1,0,0,0,0,55,1.0,0.0,0,0.0,0.0,0,0,100.0,100.0,0.0,0,0,100.0,0,0,0,1,0,0,132,11555,609,0,1,7
24,15,0,3,0,0,0,0,0,0,0,0,3,0,1,0,0,0,0,1,0,0,0,0,0.0,0.0,0,0,0,0,0,3,0,0,0,0,0,0,2,3,3,3,0,4,4,0,3.5,3.5,0.0,0,0,0,0,0,0,291,0.920962199,0.0790378009999999,2,0.391304348,0.043478261,0,1,62.5,100.0,0.0,0,0,84.70588235,0,0,0,0,0,0,0,-1,224845,0,0,3
32,23,0,2,0,0,0,0,0,0,0,0,3,0,1,0,0,0,0,1,0,0,0,0,0.0,0.0,0,0,0,0,0,2,0,0,0,0,0,0,2,4,3,3,0,15,15,0,9.0,9.0,0.0,0,0,0,0,0,0,108,0.5,0.5,8,0.0,0.0,0,1,3.703703704,0.0,0.0,0,0,95.45454545,0,0,0,1,1,0,688,1138,0,0,0,0
60,16,0,2,0,0,0,0,0,0,0,0,5,0,1,0,0,0,0,0,0,0,0,0,0.05,0.0,0,0,0,0,0,2,0,0,0,0,2,0,5,2,1,5,1,28,6,28,8.8,5.5,11.0,1,1,0,0,0,0,10,0.0,1.0,2,0.0,0.0,0,1,0.0,0.0,0.0,0,0,0.0,0,0,0,0,0,0,2974,8348,1,0,1,10
20,7,0,1,0,0,0,0,0,1,0,0,3,0,1,0,0,0,0,0,0,0,0,0,0.0,0.0,0,0,0,0,0,1,0,0,0,0,1,0,2,1,3,4,3,4,4,3,3.5,4.0,3.0,0,0,0,0,0,0,55,0.945454545,0.054545455,0,0.0,0.0,0,0,91.66666667,100.0,0.0,0,0,33.33333333,0,0,0,0,1,0,0,920,11781,0,1,6
35,13,0,3,0,0,0,0,0,1,0,0,3,0,1,0,0,0,0,1,0,0,0,1,0.0,0.0,0,0,0,0,0,3,0,0,0,0,0,0,5,3,3,3,3,5,5,5,4.0,4.0,4.0,0,0,0,0,0,0,31,1.0,0.0,0,0.0,0.0,0,0,100.0,0.0,0.0,0,0,0.0,0,0,0,1,1,0,271,5572,126063,0,0,5
44,25,0,2,0,0,0,0,0,0,0,0,3,0,1,0,0,0,0,0,0,0,0,0,0.045454545,0.04,0,0,0,0,0,2,0,0,0,0,0,0,3,3,3,3,10,16,16,10,9.666666667,9.5,10.0,0,0,0,0,1,0,8,0.125,0.875,1,0.0,0.0,0,1,0.0,0.0,0.0,0,0,0.0,0,0,0,1,0,0,2429,1953,4365,0,1,3
34,25,0,2,0,0,0,0,0,0,0,0,3,0,1,0,0,0,0,1,0,0,0,0,0.0,0.0,0,0,0,0,0,2,0,0,0,0,0,0,2,3,3,3,0,17,17,0,10.0,10.0,0.0,0,0,0,0,0,0,97,0.783505155,0.216494845,1,0.095238095,0.19047619,0,1,85.0,100.0,0.0,0,0,0.0,0,0,0,1,1,0,190,4558,2424363,0,0,4
92,22,0,2,6,0,0,0,0,0,0,0,6,0,1,0,0,0,0,1,0,0,0,0,0.086956522,0.0,0,0,0,0,0,2,0,0,0,0,0,0,12,3,3,3,3,14,14,10,5.75,8.5,5.2,0,0,0,0,0,0,123,0.902439024,0.097560976,0,0.25,0.166666667,0,0,66.66666667,75.0,25.0,0,0,20.0,0,0,0,0,0,0,135,7535,14506,0,0,5
40,32,1,3,1,0,0,0,0,0,0,0,3,0,1,0,0,0,0,0,1,0,0,1,0.1,0.125,0,0,0,1,0,3,1,0,0,0,0,0,4,3,3,3,0,9,9,0,6.25,6.25,0.0,0,0,0,0,0,0,31,0.612903226,0.387096774,0,0.25,0.0,0,0,85.71428571,0.0,100.0,0,0,0.0,0,0,0,1,0,0,91,275,0,0,1,0
44,27,0,2,0,0,0,0,0,0,0,0,3,0,1,0,0,0,0,0,0,0,0,1,0.0,0.0,0,0,0,0,0,2,0,0,0,0,1,0,3,0,8,8,9,14,14,9,10.33333333,11.0,9.0,0,0,0,0,0,0,41,0.243902439,0.7560975609999999,0,0.64516129,0.258064516,0,1,20.0,100.0,0.0,0,0,0.0,0,0,0,1,1,0,451,7584,969,0,0,5
88,20,0,2,5,0,0,0,0,0,0,0,6,0,1,0,0,0,0,0,1,0,0,0,0.0,0.0,0,0,1,0,0,2,0,0,0,0,0,0,10,3,3,7,3,9,8,9,6.6,7.5,6.375,0,0,0,0,0,0,296,0.972972973,0.027027027,1,0.125,0.125,0,1,84.21052632,100.0,0.0,0,0,90.90909091,0,0,0,0,0,0,2202,8024,88431,0,0,5
36,27,0,2,0,0,0,0,0,0,0,0,3,0,1,0,0,0,0,0,0,0,0,0,0.0,0.0,0,0,0,0,0,2,0,0,0,0,0,0,2,1,11,11,0,11,11,0,11.0,11.0,0.0,1,0,0,0,0,2,47,0.0,1.0,1,0.0,0.319148936,0,1,0.0,0.0,0.0,0,0,0.0,0,0,0,1,0,0,242,1950,341948,0,0,1
194,19,0,4,4,1,1,8,8,1,0,0,9,0,1,0,0,0,0,0,3,0,0,1,0.097938144,0.0,0,0,1,0,0,3,1,0,0,0,0,0,33,2,1,15,1,15,15,12,4.545454545,15.0,4.21875,4,0,0,0,0,0,19,1.0,0.0,0,0.0,0.0,0,0,100.0,100.0,0.0,0,0,100.0,0,0,0,1,0,0,320,3333,0,0,1,2
158,15,1,4,6,1,0,2,1,0,0,0,3,0,1,0,0,0,0,0,0,0,0,0,0.379746835,0.0,0,0,0,0,0,3,0,0,0,0,0,0,14,7,2,8,2,24,8,24,9.285714286,8.0,9.384615385,1,0,0,0,0,0,31,0.483870968,0.516129032,0,0.4375,0.625,0,1,66.66666667,100.0,0.0,0,0,0.0,0,0,0,1,1,1,0,-1,1768405,0,1,2
85,27,0,2,0,0,0,0,0,1,0,0,9,0,1,0,0,0,0,0,0,0,0,1,0.0,0.0,0,0,0,0,0,2,0,0,0,0,0,0,10,1,2,23,2,23,23,9,6.5,23.0,4.666666667,0,0,0,0,0,0,18,0.666666667,0.333333333,1,0.166666667,0.0,0,1,50.0,0.0,0.0,0,0,80.0,0,0,0,1,1,0,299,431,8509505,0,1,0
87,13,1,2,1,0,0,0,0,0,0,0,3,0,1,0,0,0,0,0,0,0,0,0,0.436781609,0.0,0,0,0,0,0,2,0,1,0,0,1,0,4,4,2,2,32,32,6,32,18.0,4.0,32.0,0,0,0,0,0,0,11,1.0,0.0,0,0.0,0.0,0,0,100.0,0.0,0.0,0,0,0.0,0,0,0,1,0,0,445,2841,59698,0,1,2
263,214,0,13,0,1,0,0,0,0,0,0,6,0,1,0,0,0,0,0,1,0,0,1,0.178707224,0.196261682,0,0,0,0,0,3,0,1,1,0,0,0,17,4,3,5,3,29,29,15,13.82352941,16.58333333,7.2,1,0,0,0,0,0,5,1.0,0.0,0,0.0,0.0,0,0,0.0,0.0,0.0,0,0,100.0,0,0,0,1,1,0,3183,2660,0,0,1,4
75,15,1,2,0,0,1,0,1,0,0,1,3,0,1,0,0,0,1,1,0,0,0,1,0.266666667,0.0,0,0,0,0,0,2,0,0,0,0,1,0,6,5,3,3,3,32,7,32,9.833333333,5.0,12.25,0,0,0,0,0,0,0,0.0,0.0,0,0.0,0.0,0,0,0.0,0.0,0.0,0,0,0.0,0,0,1,1,0,0,359,5850,0,0,1,0
36,28,0,2,0,0,0,0,0,0,0,0,3,0,1,0,0,0,0,1,0,0,0,1,0.0,0.0,0,0,0,0,0,2,0,0,0,0,1,0,2,3,3,3,0,20,20,0,11.5,11.5,0.0,0,0,0,0,0,0,92,0.956521739,0.043478261,0,0.25,0.0,0,0,92.30769231,100.0,0.0,0,0,62.5,0,0,0,1,1,0,102,4280,0,0,0,1
83,31,0,2,5,0,0,0,0,0,0,0,6,0,1,0,0,0,0,0,0,0,0,1,0.0,0.0,0,0,0,0,0,2,1,0,0,0,1,0,10,0,3,5,3,15,15,8,6.2,8.333333332999999,5.285714286,0,0,0,0,0,0,33,0.787878788,0.212121212,0,0.0,0.285714286,0,1,83.33333333,50.0,50.0,0,0,92.59259259,0,0,0,1,0,0,673,2979,105571,0,0,2
58,15,0,2,0,0,0,0,0,0,0,0,6,0,1,0,0,0,0,0,0,0,0,1,0.0,0.0,0,0,0,0,0,2,0,0,0,0,0,0,6,1,3,11,3,13,11,13,7.0,11.0,6.2,0,0,0,0,0,0,13,0.7692307690000001,0.230769231,1,0.0,0.0,0,1,75.0,100.0,0.0,0,0,0.0,0,0,0,1,0,0,172,194,0,0,1,0
115,31,1,4,1,0,1,0,1,1,0,0,10,0,1,0,0,0,0,0,0,0,0,1,0.069565217,0.064516129,0,0,0,0,0,3,1,0,0,0,1,0,15,3,2,4,2,13,12,13,5.933333332999999,8.333333332999999,5.333333333,4,0,0,0,0,0,1,1.0,0.0,0,0.0,0.0,0,0,0.0,100.0,0.0,0,0,0.0,0,0,0,1,0,0,329,1496,1096538,0,1,2
25,16,0,2,0,0,0,0,0,0,0,0,3,0,1,0,0,0,0,1,0,0,0,0,0.0,0.0,0,0,0,0,0,2,0,0,0,0,0,0,2,3,3,3,0,9,9,0,6.0,6.0,0.0,0,0,0,0,0,0,278,0.974820144,0.025179856,0,0.571428571,0.142857143,1,0,100.0,99.09090909,0.909090909,0,0,37.5,0,0,0,0,1,1,58,6831,0,0,0,2
41,21,0,2,0,0,0,0,0,0,0,0,4,0,1,0,0,0,0,0,0,0,0,1,0.0,0.0,0,0,0,0,0,2,0,0,0,0,2,0,4,2,5,6,5,10,10,6,6.75,8.0,5.5,0,0,0,0,0,0,11,1.0,0.0,0,0.0,0.0,0,0,100.0,100.0,0.0,0,0,100.0,0,0,0,1,0,0,83,6856,988416,1,1,1
107,28,1,4,1,0,1,0,1,0,0,0,7,0,1,0,0,0,0,0,0,0,0,1,0.112149533,0.0,0,0,0,0,0,3,1,0,0,0,0,0,11,1,2,21,2,21,21,17,7.545454545,21.0,6.2,2,0,0,0,0,0,1,1.0,0.0,0,0.0,0.0,0,0,0.0,0.0,0.0,0,0,0.0,0,0,1,1,0,0,228,-1,0,0,1,2
136,17,0,2,1,0,0,0,0,11,0,0,5,0,1,0,0,0,0,1,0,0,0,1,0.029411765,0.0,0,0,0,0,0,2,1,0,0,0,1,0,17,4,2,3,2,13,9,13,6.4117647060000005,6.0,6.466666667,1,0,0,0,0,0,150,0.88,0.12,0,0.388888889,0.0,0,0,62.5,100.0,0.0,0,0,59.45945946,0,0,0,1,0,0,267,7403,7218,0,0,5
50,16,0,3,1,0,0,0,0,2,0,0,3,0,1,0,0,0,0,1,0,0,0,1,0.24,0.0,0,0,0,0,0,3,0,0,0,0,1,0,7,4,3,3,3,8,8,6,4.714285714,5.5,4.4,0,0,0,0,0,0,155,0.948387097,0.051612903,0,0.125,0.0,0,0,50.0,0.0,100.0,0,0,53.84615385,0,0,0,1,0,0,1057,7343,611,0,0,5
105,15,1,2,0,0,0,0,1,0,0,0,5,0,1,0,0,0,0,1,0,0,0,1,0.266666667,0.0,0,0,0,0,0,2,0,1,0,0,2,0,4,3,3,3,4,75,7,75,22.25,5.0,39.5,0,0,0,0,0,0,1,1.0,0.0,0,0.0,0.0,0,0,100.0,0.0,0.0,0,0,0.0,0,0,1,1,0,0,246,5963,0,0,1,0
49,18,0,3,0,0,0,0,0,0,0,0,5,0,1,0,0,0,0,1,0,0,0,1,0.0,0.0,0,0,0,0,0,3,0,0,0,0,0,0,6,4,3,3,3,10,10,7,5.5,6.5,5.0,0,0,0,0,0,0,6,1.0,0.0,0,0.0,0.0,0,0,100.0,100.0,0.0,0,0,0.0,0,0,0,1,0,0,164,3123,0,0,1,3
35,9,0,1,0,0,0,0,0,0,0,0,5,0,1,0,0,0,0,0,0,0,0,1,0.057142857,0.0,0,0,0,0,0,1,0,0,0,0,3,0,4,1,2,5,2,7,5,7,5.25,5.0,5.333333333,0,0,0,0,0,0,269,0.92936803,0.07063197,0,0.421052632,0.210526316,0,1,80.0,50.0,50.0,0,0,65.0,0,0,0,1,1,0,1325,9269,8474,0,0,7
26,17,0,2,0,0,0,0,0,0,0,0,3,0,1,0,0,0,0,1,0,0,0,0,0.0,0.0,0,0,0,0,0,2,0,0,0,0,0,0,2,4,3,3,0,9,9,0,6.0,6.0,0.0,0,0,0,0,0,0,378,0.968253968,0.031746032,0,0.583333333,0.0,0,1,85.71428571,66.66666667,33.33333333,0,0,68.18181818,0,0,0,0,0,0,722,5487,242047,0,0,4
49,25,0,2,0,0,0,0,0,0,0,0,3,0,1,0,0,0,0,1,0,0,0,1,0.0,0.0,0,0,0,0,0,2,0,0,0,0,1,0,3,4,3,3,16,17,17,16,12.0,10.0,16.0,0,0,0,0,0,0,204,0.862745098,0.1372549019999999,0,0.0,0.0,0,1,61.53846154,100.0,0.0,0,0,53.33333333,0,0,0,1,1,0,2510,6255,688,0,0,6
17,8,0,1,0,0,0,0,0,0,0,0,3,0,1,0,0,0,0,0,0,0,0,0,0.0,0.0,0,0,0,0,0,1,0,0,0,0,0,0,1,0,5,5,0,5,5,0,5.0,5.0,0.0,0,0,0,0,0,0,62,0.870967742,0.129032258,1,0.0,0.25,0,1,84.21052632,0.0,0.0,0,0,50.0,0,0,0,1,0,0,0,7640,3012018,0,0,3
84,13,0,1,6,0,0,0,0,0,0,0,5,0,1,0,0,0,0,0,0,0,0,0,0.071428571,0.0,0,0,0,0,0,1,0,0,0,0,0,0,10,1,2,9,2,11,9,11,6.3,9.0,6.0,0,0,0,0,0,0,225,0.32,0.68,2,0.019607843,0.0,0,1,11.11111111,11.11111111,88.88888889,0,0,16.99346405,0,0,0,1,1,0,191,9034,696,0,0,5
84,14,1,2,0,0,0,0,0,0,0,0,6,0,2,0,0,0,0,0,0,0,1,0,0.226190476,0.0,0,0,0,0,0,2,0,0,0,0,0,0,6,3,3,10,3,32,10,32,11.0,10.0,11.2,0,0,0,0,0,0,78,0.884615385,0.115384615,0,0.444444444,0.222222222,1,0,85.71428571,100.0,0.0,0,0,86.04651163,0,0,0,1,0,0,365,2192,0,0,1,0
112,18,0,2,8,0,0,0,0,0,0,0,5,0,1,0,0,0,0,1,1,0,0,0,0.0,0.0,0,0,1,0,0,2,1,0,1,0,1,0,13,5,3,3,3,10,10,10,6.769230769,6.5,6.818181817999999,0,0,0,0,0,0,305,0.626229508,0.373770492,5,0.087719298,0.096491228,0,1,3.846153846,27.27272727,72.72727273,0,0,65.78947368,0,0,0,1,1,0,540,5668,76725,0,0,5
61,14,0,1,0,0,0,0,0,0,0,2,5,0,1,0,0,0,2,0,1,0,0,1,0.06557377,0.0,0,0,0,0,0,1,0,0,0,0,1,0,6,1,3,11,3,12,11,12,7.666666667,11.0,7.0,0,0,0,0,0,0,0,0.0,0.0,0,0.0,0.0,0,0,0.0,0.0,0.0,0,0,0.0,0,0,1,1,0,0,232,-2,0,0,1,0
58,40,0,5,0,0,0,0,0,0,0,0,4,0,1,0,0,0,0,0,2,0,0,1,0.034482759,0.05,0,0,0,0,0,3,0,0,0,0,1,0,5,2,3,5,3,17,17,5,7.8,10.33333333,4.0,0,0,0,0,0,0,4,1.0,0.0,0,0.0,0.0,0,0,100.0,0.0,0.0,0,0,100.0,0,0,0,1,0,0,2382,-1,0,0,1,2
36,15,0,3,0,0,0,0,0,0,0,0,3,0,1,0,0,0,0,1,0,0,0,1,0.0,0.0,0,0,0,0,0,3,0,0,0,0,0,0,4,3,3,3,3,9,7,9,5.5,5.0,6.0,0,0,0,0,0,0,46,0.97826087,0.02173913,0,0.0,0.0,0,0,0.0,100.0,0.0,0,0,0.0,0,0,0,1,1,0,891,6779,0,0,0,3
60,23,0,2,1,0,0,0,0,0,0,0,7,0,1,0,0,0,0,1,0,0,0,1,0.0,0.0,0,0,0,0,0,2,1,0,0,0,2,0,7,3,2,3,2,15,15,8,6.0,9.0,4.8,3,0,0,0,0,0,61,0.049180328,0.950819672,2,0.034482759,0.034482759,0,1,4.166666667,9.090909091,90.90909091,0,0,0.0,0,0,0,1,1,0,386,345,0,0,1,0
80,12,1,4,0,0,1,2,3,0,0,0,5,0,1,0,2,0,0,0,0,0,0,1,0.125,0.75,0,0,1,1,1,3,0,0,0,0,0,0,17,2,1,2,1,16,3,16,4.058823529,2.25,4.615384615,1,0,0,0,0,2,25,0.16,0.84,0,0.428571429,0.380952381,1,1,0.0,0.0,100.0,0,0,30.76923077,0,0,0,1,1,1,0,-1,0,1,1,0
93,13,1,3,0,0,0,0,0,4,0,0,13,0,1,0,0,0,0,1,0,0,0,1,0.11827957,0.0,0,0,0,0,0,3,0,0,0,0,1,0,18,5,1,3,1,7,5,7,3.611111111,4.0,3.5625,0,0,0,0,0,0,0,0.0,0.0,0,0.0,0.0,0,0,0.0,0.0,0.0,0,0,0.0,0,0,1,1,1,1,661,12124,1001,0,1,7
40,16,0,2,0,0,0,0,0,0,0,0,4,0,1,0,0,0,0,0,0,0,0,0,0.0,0.0,0,0,0,0,0,2,0,0,0,0,0,0,4,0,2,2,4,10,9,10,6.25,5.5,7.0,0,1,0,0,0,0,589,0.915110357,0.084889643,0,0.28,0.08,0,0,100.0,100.0,0.0,0,0,61.24031008,0,0,0,0,1,0,902,7133,12,0,0,7
88,17,0,3,4,0,0,0,0,0,0,0,6,0,1,0,0,0,0,1,1,0,0,1,0.0681818179999999,0.0,0,0,0,0,0,3,0,0,0,0,1,0,10,8,3,3,4,13,7,13,6.6,5.0,7.0,0,1,0,0,0,0,298,0.55033557,0.44966443,1,0.134328358,0.492537313,0,1,12.32876712,33.33333333,66.66666667,0,0,25.0,0,0,0,0,0,0,115,8759,1179,0,0,6
33,25,0,2,1,0,0,0,0,0,0,0,3,0,1,0,0,0,0,0,0,0,0,1,0.0,0.0,0,0,0,0,0,2,1,0,1,0,0,0,3,0,4,4,0,8,8,0,6.333333333,6.333333333,0.0,0,1,0,0,0,0,70,0.385714286,0.614285714,4,0.139534884,0.023255814,0,1,0.0,0.0,100.0,0,0,47.36842105,0,0,0,1,0,0,372,7297,0,0,0,5
33,11,0,1,1,0,0,0,0,0,0,0,3,0,1,0,0,0,0,0,0,0,0,0,0.0,0.0,0,0,0,0,0,1,0,0,1,0,1,0,3,0,5,7,5,7,7,7,6.333333333,7.0,6.0,0,0,0,0,0,0,5,0.8,0.2,0,0.0,0.0,0,0,100.0,0.0,100.0,0,1,0.0,0,0,0,0,0,0,3109,6753,2305,0,1,8
34,19,0,2,0,0,0,0,0,0,0,0,4,0,1,0,0,0,0,1,0,0,0,1,0.0,0.0,0,0,0,0,0,2,0,0,0,0,2,0,3,3,3,3,6,11,11,6,6.666666667,7.0,6.0,0,0,0,0,0,0,147,0.945578231,0.054421769,1,0.5,0.25,1,1,95.0,98.79518072,1.204819277,0,0,88.46153846,0,0,0,0,0,0,1376,5563,0,0,0,3
30,22,0,2,0,0,0,0,0,0,0,0,3,0,1,0,0,0,0,0,0,0,0,1,0.0,0.0,0,0,0,0,0,2,0,0,0,0,1,0,2,0,8,8,0,10,10,0,9.0,9.0,0.0,0,1,0,0,0,0,197,0.172588832,0.8274111679999999,4,0.09202454,0.024539877,1,1,24.59016393,3.846153846,96.15384615,0,0,5.555555556,0,0,0,1,0,0,36,5442,0,0,0,2
117,42,1,4,0,0,1,2,3,2,0,0,5,0,1,0,0,0,0,0,1,0,0,1,0.128205128,0.0,0,0,0,1,0,3,0,0,0,0,0,0,11,1,2,3,2,17,13,17,8.363636364,8.75,8.142857142999999,0,0,0,0,0,0,51,1.0,0.0,0,0.0,0.0,0,0,100.0,100.0,0.0,0,0,100.0,0,0,0,1,1,0,25,3993,5707171,0,1,0
31,14,0,1,0,0,0,0,0,0,0,0,5,0,1,0,0,0,0,0,0,0,0,1,0.0,0.0,0,0,0,0,0,1,0,0,0,0,0,0,3,2,3,10,3,10,10,4,5.666666667,10.0,3.5,0,0,0,0,0,0,8,1.0,0.0,0,0.0,0.0,0,0,100.0,100.0,0.0,0,0,0.0,0,0,0,1,0,0,302,1523,0,0,1,1
49,18,0,2,0,0,0,0,0,2,0,0,4,0,1,0,0,0,0,1,0,0,0,1,0.0,0.0,0,0,0,0,0,2,0,0,0,0,0,0,6,5,3,3,4,10,10,6,5.5,6.5,5.0,0,0,0,0,0,0,130,0.7692307690000001,0.230769231,0,0.0,0.0,0,0,0.0,100.0,0.0,0,0,0.0,0,0,0,1,1,0,372,-1,6129966,0,0,3
60,16,0,3,6,0,0,0,0,0,0,0,3,0,1,0,0,0,0,1,0,0,0,1,0.0,0.0,0,0,0,0,0,3,0,0,0,0,1,0,10,4,1,3,1,8,8,7,4.0,5.5,3.625,0,0,0,0,0,0,78,0.794871795,0.205128205,1,0.0,0.0,0,1,43.47826087,88.88888889,11.11111111,0,0,100.0,0,0,0,1,0,0,77,6132,28405,0,1,5
314,14,1,9,4,0,3,4,5,0,0,2,23,0,3,0,0,0,0,1,2,1,2,0,0.031847134,0.0,0,0,1,0,0,3,0,0,0,0,0,0,46,15,1,3,1,16,6,16,5.5,4.5,5.545454545,5,1,0,0,0,0,0,0.0,0.0,0,0.0,0.0,0,0,0.0,0.0,0.0,0,0,0.0,0,0,0,0,0,0,2973,8347,1,0,1,10
57,24,0,3,0,0,0,0,0,0,0,0,5,0,1,0,0,0,0,1,0,0,0,0,0.0,0.0,0,0,0,0,0,3,0,0,0,0,0,0,6,3,3,3,3,16,16,8,6.666666667,9.5,5.25,0,0,0,0,0,0,84,1.0,0.0,0,0.0,0.0,0,0,100.0,100.0,0.0,0,0,100.0,0,0,0,1,1,0,825,7939,33059,0,0,5
28,19,0,2,0,0,0,0,0,0,0,0,3,0,1,0,0,0,0,0,0,0,0,0,0.0,0.0,0,0,0,0,0,2,0,0,0,0,1,0,2,0,5,5,0,10,10,0,7.5,7.5,0.0,0,0,0,0,0,0,20,0.5,0.5,0,0.1,0.1,0,0,100.0,50.0,50.0,0,0,0.0,0,0,0,1,1,0,162,7531,0,0,0,5
65,18,0,3,1,0,0,0,0,0,0,4,4,0,1,0,0,0,4,0,0,0,0,1,0.123076923,0.0,0,0,0,0,0,3,0,0,0,0,1,0,8,0,2,11,2,11,11,7,5.375,11.0,4.571428571,0,0,0,0,0,0,4,1.0,0.0,0,0.0,0.0,0,0,100.0,0.0,0.0,0,0,100.0,0,0,0,1,0,1,0,-1,0,0,1,0
30,21,0,2,0,0,0,0,0,0,0,0,3,0,1,0,0,0,0,1,0,0,0,0,0.0,0.0,0,0,0,0,0,2,0,0,0,0,1,0,2,3,3,3,0,13,13,0,8.0,8.0,0.0,0,0,0,0,0,0,154,0.87012987,0.12987013,1,0.15,0.35,0,1,66.66666667,96.77419355,3.225806452,0,0,17.64705882,0,0,0,1,1,0,894,-1,0,0,0,4
44,18,0,2,0,0,0,0,0,0,0,0,4,0,1,0,0,0,0,0,0,0,0,0,0.0,0.0,0,0,0,0,0,2,0,0,0,0,0,0,4,2,4,6,4,12,7,12,7.25,6.5,8.0,0,0,0,0,0,0,114,0.6228070179999999,0.377192982,1,0.0,0.023255814,0,1,22.22222222,0.0,100.0,0,0,0.0,0,0,0,0,0,0,359,7677,179423,0,0,4
26,17,0,2,1,0,0,0,0,0,0,0,3,0,1,0,0,0,0,1,0,0,0,0,0.0,0.0,0,0,0,0,0,2,1,0,0,0,0,0,3,3,3,3,0,6,6,0,4.0,4.0,0.0,0,0,0,0,0,0,1425,0.90245614,0.09754386,0,0.028776978,0.0,0,1,17.24137931,12.98701299,87.01298701,0,0,84.44444444,0,0,0,1,1,0,218,2704,3942874,0,0,2
28,19,0,2,0,0,0,0,0,0,0,0,3,0,1,0,0,0,0,1,0,0,0,0,0.0,0.0,0,0,0,0,0,2,0,0,0,0,0,0,2,3,3,3,0,11,11,0,7.0,7.0,0.0,0,0,0,0,0,0,85,0.705882353,0.294117647,0,0.52,0.16,0,1,40.0,87.17948718,12.82051282,0,0,62.79069767,0,0,0,1,1,0,1543,3935,39744,0,0,5
28,20,0,2,1,0,0,0,0,0,0,0,3,0,1,0,0,0,0,1,0,0,0,1,0.0,0.0,0,0,0,0,0,2,1,0,0,0,1,0,3,3,3,3,0,8,8,0,5.0,5.0,0.0,0,0,0,0,0,0,254,0.05511811,0.94488189,2,0.0,0.029166667,1,1,25.0,2.083333333,97.91666667,0,0,3.012048193,0,0,0,1,0,0,0,-1,0,0,0,2
42,19,0,3,0,0,0,0,0,0,0,0,4,0,1,0,0,0,0,0,0,0,0,1,0.095238095,0.052631579,0,0,0,0,0,3,0,0,1,0,0,0,5,1,3,5,3,9,9,6,5.4,7.0,4.333333333,0,0,0,0,0,0,0,0.0,0.0,0,0.0,0.0,0,0,0.0,0.0,0.0,0,0,0.0,0,0,1,1,0,0,401,5441,436375,0,1,3
72,20,0,2,4,0,0,0,0,0,0,0,4,0,1,0,0,0,0,0,0,0,0,1,0.0,0.0,0,0,0,0,0,2,1,0,0,0,1,0,8,0,5,5,5,10,10,9,6.75,7.5,6.5,0,0,0,0,0,0,86,0.686046512,0.313953488,0,0.0,0.0,0,0,8.333333332999999,0.0,100.0,0,0,0.0,0,0,0,0,0,0,1512,6158,6546,0,0,4
72,31,0,3,3,0,0,0,0,0,0,0,5,0,1,0,0,0,0,0,0,0,0,0,0.0,0.0,0,0,0,0,0,3,1,0,0,0,0,0,8,1,1,24,1,24,24,7,6.25,24.0,3.714285714,2,0,0,0,0,0,12,0.666666667,0.333333333,1,0.25,0.75,0,1,75.0,0.0,0.0,0,0,0.0,0,0,0,1,1,1,0,-1,967672,0,0,4
52,14,0,4,1,0,0,0,0,0,0,0,4,0,1,0,0,0,0,0,0,0,0,1,0.019230769,0.0,0,0,0,0,0,3,1,0,0,0,0,0,7,2,1,1,1,16,5,16,5.1428571430000005,3.0,6.75,0,0,0,0,0,0,10,0.6,0.4,0,0.25,0.0,0,1,50.0,100.0,0.0,0,0,50.0,0,0,0,1,0,0,303,62,0,0,1,0
40,23,0,3,1,0,0,0,0,0,0,0,3,0,1,0,0,0,0,0,0,0,0,1,0.075,0.130434783,0,0,0,0,0,3,1,0,0,0,0,0,5,1,3,4,3,8,8,5,5.0,5.666666667,4.0,1,0,0,0,0,0,13,0.846153846,0.153846154,0,0.0,0.0,0,0,60.0,100.0,0.0,0,0,0.0,0,0,0,1,1,0,289,75,0,0,1,0
32,24,0,2,0,0,0,0,0,0,0,0,3,0,1,0,0,0,0,1,0,0,0,1,0.0,0.0,0,0,0,0,0,2,0,0,0,0,1,0,2,3,3,3,0,16,16,0,9.5,9.5,0.0,0,0,0,0,0,0,110,0.281818182,0.7181818179999999,1,0.544303797,0.0,0,1,28.94736842,46.15384615,53.84615385,0,0,38.57142857,0,0,0,1,0,0,2944,5092,969082,0,0,4
27,19,0,2,0,0,0,0,0,0,0,0,3,0,1,0,0,0,0,0,0,0,0,1,0.0,0.0,0,0,0,0,0,2,0,0,0,0,0,0,2,0,3,3,0,12,12,0,7.5,7.5,0.0,0,0,0,0,0,2,10,0.1,0.9,0,0.5555555560000001,0.111111111,1,0,0.0,50.0,50.0,0,0,0.0,0,0,0,1,1,0,163,1298,0,0,1,0
37,20,0,2,0,0,0,0,0,0,0,0,4,0,1,0,0,0,0,0,0,0,0,1,0.027027027,0.0,0,0,0,0,0,2,0,0,0,0,2,0,4,0,2,7,2,8,8,6,5.75,7.5,4.0,0,0,0,0,0,0,116,0.879310345,0.120689655,0,0.214285714,0.071428571,0,1,87.09677419,83.33333333,16.66666667,0,0,0.0,0,0,0,0,0,0,333,6606,908,0,1,5
28,19,0,2,1,0,0,0,0,0,0,0,3,0,1,0,0,0,0,1,0,0,0,0,0.0,0.0,0,0,0,0,0,2,1,0,0,0,0,0,3,3,3,3,0,6,6,0,4.666666667,4.666666667,0.0,0,0,0,0,0,0,148,0.844594595,0.155405405,1,0.304347826,0.0,0,1,88.88888889,100.0,0.0,0,0,33.33333333,0,0,0,0,1,0,653,4460,921884,0,0,2
57,40,0,5,2,0,0,0,0,0,0,0,3,0,1,0,0,0,0,0,0,0,0,1,0.052631579,0.075,0,0,0,0,0,3,0,0,1,0,0,0,8,3,1,1,4,9,9,4,4.875,5.166666667,4.0,1,0,0,0,0,0,22,0.181818182,0.818181818,1,0.277777778,0.0,0,1,0.0,16.66666667,83.33333333,0,0,25.0,0,0,0,1,1,0,217,5627,0,0,1,5
86,52,0,3,3,0,0,0,0,0,0,0,4,0,1,0,0,0,0,1,0,0,0,1,0.0,0.0,0,0,0,0,0,3,0,0,0,0,0,0,7,6,2,3,2,42,42,8,9.571428571,22.5,4.4,0,0,0,0,0,0,54,0.944444444,0.055555556,0,0.0,0.0,0,1,95.0,0.0,100.0,0,0,0.0,0,0,0,1,0,0,328,403,0,0,1,3
95,23,0,3,2,0,0,0,0,0,0,2,7,0,1,0,0,0,2,0,0,0,0,1,0.042105263,0.0,0,0,0,0,0,3,1,0,0,0,0,0,11,2,3,7,3,15,11,15,6.6363636360000005,9.0,6.1111111110000005,0,0,0,0,0,0,0,0.0,0.0,0,0.0,0.0,0,0,0.0,0.0,0.0,0,0,0.0,0,0,1,1,1,0,2430,7431,27573,0,1,5
74,14,0,3,2,0,0,0,0,0,0,0,6,0,1,0,0,0,0,1,0,0,0,1,0.0,0.0,0,0,0,0,0,3,1,1,0,0,2,0,9,3,3,3,3,11,6,11,6.1111111110000005,4.5,6.571428571,0,0,0,0,0,0,0,0.0,0.0,0,0.0,0.0,0,0,0.0,0.0,0.0,0,0,0.0,0,0,1,1,1,0,3565,9219,114616,0,0,5
25,16,0,2,0,0,0,0,0,0,0,0,3,0,1,0,0,0,0,1,0,0,0,0,0.0,0.0,0,0,0,0,0,2,0,0,0,0,0,0,2,3,3,3,0,9,9,0,6.0,6.0,0.0,0,0,0,0,0,0,209,0.95215311,0.04784689,0,0.2,0.0,0,0,100.0,100.0,0.0,0,0,28.57142857,0,0,0,1,1,1,0,6374,50463,0,0,4
32,23,0,2,1,0,0,0,0,0,0,0,3,0,1,0,0,0,0,0,0,0,0,0,0.0,0.0,0,0,0,0,0,2,1,0,1,0,0,0,3,1,3,3,0,8,8,0,5.666666667,5.666666667,0.0,0,1,0,0,0,0,84,0.535714286,0.464285714,3,0.102564103,0.051282051,0,1,36.36363636,0.0,100.0,0,0,75.75757576,0,0,0,0,0,0,371,7298,0,0,0,5
32,24,0,3,0,0,0,0,0,0,0,0,2,0,1,0,0,0,0,1,0,0,0,0,0.0,0.0,0,0,0,0,0,3,0,0,0,0,0,0,2,3,3,3,0,13,13,0,8.0,8.0,0.0,0,0,0,0,0,0,68,0.985294118,0.014705882,0,0.0,0.0,0,0,92.30769231,100.0,0.0,0,0,0.0,0,0,0,0,0,0,314,-1,1162166,0,0,1
27,16,0,1,0,0,0,0,0,0,0,0,4,0,1,0,0,0,0,0,0,0,0,1,0.0,0.0,0,0,0,0,0,1,0,0,0,0,0,0,2,0,2,12,2,12,12,2,7.0,12.0,2.0,0,0,0,0,0,0,0,0.0,0.0,0,0.0,0.0,0,0,0.0,0.0,0.0,0,0,0.0,0,0,1,1,0,0,753,5090,0,1,1,0
28,21,0,2,0,0,0,0,0,0,0,0,2,0,1,0,0,0,0,0,0,0,0,1,0.035714286,0.047619048,0,0,0,0,0,2,0,0,1,0,1,0,2,0,8,8,0,8,8,0,8.0,8.0,0.0,0,1,0,0,0,0,14,0.071428571,0.928571429,0,0.846153846,0.615384615,0,1,0.0,0.0,0.0,0,0,14.28571429,0,0,0,1,0,0,374,7295,0,0,1,5
123,46,1,5,0,0,1,2,3,2,0,0,4,0,1,0,0,0,0,1,1,0,0,0,0.105691057,0.0,0,0,0,1,0,3,0,0,0,0,1,0,13,6,2,3,2,17,13,17,7.461538462,7.6,7.375,0,0,0,0,0,0,51,1.0,0.0,0,0.0,0.0,0,0,100.0,100.0,0.0,0,0,100.0,0,0,0,1,1,0,25,3993,5707171,0,1,0
56,24,0,2,2,0,0,0,0,0,0,0,4,0,1,0,0,0,0,1,0,0,0,1,0.0,0.0,0,0,0,0,0,2,1,0,0,0,1,0,6,3,3,3,4,16,16,7,6.666666667,9.5,5.25,0,0,0,0,0,0,11,0.818181818,0.181818182,0,0.0,0.0,0,0,60.0,0.0,0.0,0,0,100.0,0,0,0,1,0,0,240,4508,0,0,1,2
252,150,1,7,7,0,1,0,1,1,0,0,8,0,1,0,0,0,0,0,1,0,0,1,0.273809524,0.213333333,0,0,0,1,1,3,0,0,0,0,0,0,21,3,2,2,2,62,62,55,10.42857143,10.30769231,10.625,2,0,1,0,0,1,0,0.0,0.0,0,0.0,0.0,0,0,0.0,0.0,0.0,0,0,0.0,0,0,1,1,0,0,138,1323,0,0,1,0
69,28,0,3,2,0,0,0,0,0,0,0,5,0,1,0,0,0,0,1,0,0,0,1,0.043478261,0.0,0,0,0,0,0,3,0,0,0,0,1,0,8,4,2,3,2,20,20,8,6.375,11.5,4.666666667,0,0,0,0,0,0,36,0.7222222220000001,0.277777778,1,0.1,0.0,0,1,50.0,100.0,0.0,0,0,40.0,0,0,0,1,1,0,3005,5396,42544,0,0,5
87,14,0,2,7,0,0,0,0,0,0,0,4,0,1,0,0,0,0,1,0,0,0,1,0.068965517,0.0,0,0,0,0,0,2,0,1,0,0,3,0,11,7,3,3,4,9,6,9,6.0,4.5,6.333333333,0,0,0,0,0,0,162,0.7345679009999999,0.265432099,0,0.023255814,0.209302326,0,1,72.72727273,89.47368421,10.52631579,0,0,27.27272727,0,0,0,1,1,0,133,7537,5344,0,1,6
57,19,0,3,3,0,0,0,0,0,0,0,3,0,1,0,0,0,0,1,0,0,0,0,0.0,0.0,0,0,0,0,0,3,0,0,0,0,0,0,7,3,3,3,3,11,11,8,5.571428571,7.0,5.0,0,0,0,0,0,0,280,0.989285714,0.010714286,0,0.0,0.333333333,0,0,100.0,100.0,0.0,0,0,90.625,0,0,0,1,1,0,457,3926,12829,0,0,4
24,15,0,2,0,0,0,0,0,0,0,0,3,0,1,0,0,0,0,1,0,0,0,0,0.0,0.0,0,0,0,0,0,2,0,0,0,0,0,0,2,4,3,3,0,8,8,0,5.5,5.5,0.0,0,0,0,0,0,0,313,0.987220447,0.012779553,0,0.25,0.0,0,0,93.75,97.91666667,2.083333333,0,0,0.0,0,0,0,0,1,0,310,7364,544676,0,0,4
54,17,0,2,1,0,0,0,0,0,0,0,3,0,1,0,0,0,0,0,0,0,0,0,0.074074074,0.0,0,0,0,0,0,2,0,0,0,0,0,0,4,0,5,5,12,15,7,15,9.75,6.0,13.5,0,0,0,0,0,2,5,1.0,0.0,0,0.0,0.0,0,0,100.0,0.0,0.0,0,0,0.0,0,0,1,1,0,0,58,2499,8547,0,1,2
126,50,1,4,1,0,1,2,3,2,0,0,4,0,1,0,0,0,0,0,1,0,0,1,0.166666667,0.0,0,0,0,1,0,3,1,0,0,0,1,0,13,6,2,3,2,17,13,17,7.769230769,8.4,7.375,0,0,0,0,0,0,51,1.0,0.0,0,0.0,0.0,0,0,100.0,100.0,0.0,0,0,100.0,0,0,0,1,1,0,25,3993,0,0,1,0
49,19,0,3,0,0,0,0,0,0,0,0,5,0,1,0,0,0,0,0,0,0,0,1,0.0,0.0,0,0,0,0,0,3,0,0,0,0,0,0,5,0,4,12,4,12,12,7,6.2,12.0,4.75,0,0,0,0,0,0,0,0.0,0.0,0,0.0,0.0,0,0,0.0,0.0,0.0,0,0,0.0,0,0,1,1,0,0,294,-1,0,0,1,0
42,8,0,2,0,0,0,0,0,0,0,0,5,0,1,0,0,0,0,0,1,0,0,1,0.0,0.0,0,0,0,0,0,2,0,0,0,0,0,0,5,0,4,5,4,10,5,10,5.6,5.0,5.75,0,0,0,0,0,0,150,0.9,0.1,1,0.0,0.0,0,1,85.0,0.0,0.0,0,0,100.0,0,0,0,0,0,1,0,-1,2488533,0,1,2
32,23,0,1,1,0,0,0,0,0,0,0,3,0,1,0,0,0,0,0,0,0,0,0,0.0,0.0,0,0,0,0,0,1,1,0,0,0,0,0,2,2,6,6,0,11,11,0,8.5,8.5,0.0,0,0,0,0,1,0,0,0.0,0.0,0,0.0,0.0,0,0,0.0,0.0,0.0,0,0,0.0,0,0,1,1,0,0,363,1,0,0,1,0
63,22,1,2,0,0,0,0,0,0,0,0,4,0,1,0,0,0,0,0,0,0,0,1,0.365079365,0.272727273,0,0,0,0,1,2,0,0,1,0,0,0,3,3,7,7,32,32,10,32,16.33333333,8.5,32.0,0,0,0,0,0,0,0,0.0,0.0,0,0.0,0.0,0,0,0.0,0.0,0.0,0,0,0.0,0,0,1,1,0,0,61,5783,50436,0,1,4
29,20,0,2,0,0,0,0,0,0,0,0,3,0,1,0,0,0,0,1,0,0,0,0,0.0,0.0,0,0,0,0,0,2,0,0,0,0,1,0,2,4,3,3,0,13,13,0,8.0,8.0,0.0,0,0,0,0,0,0,203,0.931034483,0.068965517,2,0.142857143,0.071428571,1,1,80.0,87.5,12.5,0,0,0.0,0,0,0,1,1,0,0,-1,0,0,0,2
132,30,1,5,5,0,1,1,2,0,0,0,7,0,1,0,0,0,0,0,1,0,0,0,0.1742424239999999,0.0,0,0,1,0,0,3,1,0,1,0,0,0,19,7,1,10,1,15,15,12,5.3684210530000005,12.5,4.529411765,0,0,0,0,0,0,15,0.2,0.8,2,0.0,0.0,0,1,0.0,100.0,0.0,0,0,100.0,0,0,0,1,0,0,174,5670,5824,0,1,6
127,50,1,4,1,0,1,2,3,2,0,0,4,0,1,0,0,0,0,0,1,0,0,0,0.141732283,0.0,0,0,0,1,0,3,1,0,0,0,1,0,13,2,2,3,2,17,13,17,7.769230769,8.4,7.375,0,0,0,0,0,0,51,1.0,0.0,0,0.0,0.0,0,0,100.0,100.0,0.0,0,0,100.0,0,0,0,1,1,0,25,3993,5707171,0,1,0
21,8,0,1,0,0,0,0,0,0,0,0,4,0,1,0,0,0,0,0,0,0,0,1,0.238095238,0.25,0,0,0,0,0,1,0,0,0,0,1,0,2,2,4,5,4,5,5,4,4.5,5.0,4.0,0,0,0,0,0,0,4,1.0,0.0,0,0.0,0.0,0,0,100.0,0.0,0.0,0,0,100.0,0,0,0,1,0,1,0,-1,0,0,1,0
45,12,0,3,1,0,0,0,0,0,0,0,5,0,1,0,0,0,0,0,0,0,0,1,0.022222222,0.0,0,0,0,0,0,3,1,0,0,0,1,0,6,0,2,6,2,6,6,6,4.5,6.0,4.2,2,0,0,0,0,0,3,0.0,1.0,0,0.0,0.0,0,0,0.0,0.0,100.0,0,0,0.0,0,0,0,1,1,0,139,2418,0,0,1,0
28,21,0,2,0,0,0,0,0,0,0,0,2,0,1,0,0,0,0,1,0,0,0,1,0.071428571,0.095238095,0,0,0,0,0,2,0,0,0,0,0,0,2,3,3,3,0,13,13,0,8.0,8.0,0.0,0,0,0,0,0,0,26,0.653846154,0.346153846,0,0.222222222,0.0,0,1,66.66666667,100.0,0.0,0,0,50.0,0,0,0,1,0,0,969,2683,0,0,0,3
18,8,0,1,0,0,0,0,0,0,0,0,3,0,1,0,0,0,0,0,0,0,0,1,0.0,0.0,0,0,0,0,0,1,0,0,0,0,2,0,2,0,2,5,2,5,5,2,3.5,5.0,2.0,1,0,0,0,0,0,147,0.829931973,0.1700680269999999,3,0.08,0.0,0,1,74.19354839,93.15068493,6.849315067999999,0,0,0.0,0,0,0,1,1,1,138,958,1379977,0,1,0
37,28,0,2,0,0,0,0,0,0,0,0,3,0,1,0,0,0,0,0,0,0,0,0,0.0,0.0,0,0,0,0,0,2,0,0,0,0,0,0,2,1,9,9,0,14,14,0,11.5,11.5,0.0,0,1,0,0,0,0,207,0.304347826,0.695652174,6,0.298611111,0.118055556,0,1,65.95744681,0.0,100.0,0,0,15.2,0,0,0,1,1,0,587,7448,2386367,0,0,8
27,17,0,2,1,0,0,0,0,0,0,0,4,0,1,0,0,0,0,1,0,0,0,1,0.0,0.0,0,0,0,0,0,2,1,0,0,0,0,0,4,3,1,3,1,4,4,1,3.0,3.666666667,1.0,0,0,0,0,0,0,0,0.0,0.0,0,0.0,0.0,0,0,0.0,0.0,0.0,0,0,0.0,0,0,1,1,0,0,250,2307,0,0,1,0
76,13,0,2,5,0,0,0,0,0,0,0,7,0,1,0,0,0,0,1,1,0,0,1,0.105263158,0.0,0,0,0,0,0,2,0,0,0,0,0,0,11,4,2,3,2,10,5,10,4.909090909,4.0,5.1111111110000005,0,0,0,0,0,0,13,0.153846154,0.846153846,0,0.454545455,0.090909091,0,0,100.0,0.0,0.0,0,0,8.333333332999999,0,0,0,1,0,0,576,-1,0,0,0,5
51,11,0,2,0,0,0,0,0,1,0,0,6,0,1,0,0,0,0,0,0,0,0,1,0.019607843,0.0,0,0,0,0,0,2,0,0,0,0,0,0,7,3,3,7,3,7,7,6,4.857142857,7.0,4.5,1,0,0,0,0,0,17,1.0,0.0,0,0.0,0.0,0,0,100.0,100.0,0.0,0,0,100.0,0,0,0,1,0,0,913,6392,0,0,1,3
48,16,0,1,0,0,0,0,0,1,0,0,4,0,1,0,0,0,0,0,0,0,0,0,0.0,0.0,0,0,0,0,0,1,0,0,0,0,0,0,4,1,6,12,6,12,12,8,8.25,12.0,7.0,0,0,0,0,0,0,299,0.993311037,0.006688963,0,1.0,0.0,0,0,0.0,100.0,0.0,0,0,50.0,0,0,0,1,0,0,786,5057,106451,0,0,5
52,24,0,5,0,0,0,0,0,0,0,0,3,0,1,0,0,0,0,0,0,0,0,1,0.038461538,0.083333333,0,0,0,0,0,3,0,0,1,0,0,0,6,1,1,1,4,15,7,15,6.0,4.25,9.5,0,0,0,0,0,0,21,0.19047619,0.80952381,1,0.176470588,0.0,0,1,0.0,20.0,80.0,0,0,25.0,0,0,0,1,1,0,228,5616,0,0,1,5
94,28,1,3,1,0,0,0,0,0,0,0,6,0,1,0,0,0,0,0,0,0,0,1,0.234042553,0.0,0,0,0,0,0,3,1,0,0,0,0,0,7,4,3,3,6,32,7,32,10.85714286,5.25,18.33333333,0,0,0,0,0,0,31,0.032258065,0.967741935,0,0.1,0.033333333,0,0,0.0,0.0,100.0,0,0,0.0,0,0,0,0,1,0,79,1016,1211946,0,1,2
75,31,1,6,2,0,0,0,0,0,0,0,4,0,1,0,0,0,0,0,1,0,0,1,0.226666667,0.032258065,0,0,0,0,0,3,1,0,0,0,0,0,10,5,1,1,9,16,8,16,5.6,3.142857143,11.33333333,0,0,0,0,0,0,31,1.0,0.0,0,0.0,0.0,0,0,100.0,0.0,0.0,0,0,100.0,0,0,0,1,1,0,198,1628,3025118,0,1,1
75,27,0,4,0,0,0,0,0,2,0,0,5,0,1,0,0,0,0,0,0,0,0,1,0.04,0.0,0,0,0,0,0,3,0,0,0,0,0,0,8,0,2,8,2,12,11,12,6.75,9.5,5.833333333,0,0,0,0,0,0,0,0.0,0.0,0,0.0,0.0,0,0,0.0,0.0,0.0,0,0,0.0,0,0,1,1,1,0,0,-1,365546,0,1,5
34,22,0,3,1,0,0,0,0,0,0,0,4,0,1,0,0,0,0,1,0,0,0,0,0.0,0.0,0,0,0,0,0,3,1,0,0,0,1,0,4,3,2,3,2,6,6,2,3.75,4.333333333,2.0,0,0,0,0,0,0,4,1.0,0.0,0,0.0,0.0,0,0,100.0,0.0,0.0,0,0,100.0,0,0,0,1,0,1,0,13,0,0,1,0
44,13,0,2,2,0,0,0,0,0,0,0,3,0,1,0,0,0,0,0,0,0,0,0,0.0,0.0,0,0,0,0,0,2,0,0,0,0,0,0,5,2,2,2,4,10,6,10,5.6,4.0,6.666666667,0,0,0,0,0,0,191,0.8534031409999999,0.146596859,6,0.035714286,0.071428571,0,1,69.23076923,0.0,0.0,0,1,85.71428571,0,0,0,0,0,0,248,8152,132,0,0,6
18,10,0,2,0,0,0,0,0,0,0,0,3,0,1,0,0,0,0,1,0,0,0,1,0.0,0.0,0,0,0,0,0,2,0,1,0,0,1,0,2,3,3,3,0,3,3,0,3.0,3.0,0.0,0,0,0,0,0,0,155,0.8516129029999999,0.148387097,0,0.695652174,0.0,0,0,57.14285714,0.0,100.0,0,0,74.50980392,0,0,0,0,0,0,283,8710,106251,0,0,5
84,20,1,2,0,0,0,0,0,0,0,2,5,0,1,0,0,0,2,0,0,0,0,1,0.273809524,0.0,0,0,0,0,0,2,0,0,0,0,1,0,6,4,3,13,3,32,13,32,10.83333333,13.0,10.4,0,0,0,0,0,0,30,0.9,0.1,0,0.333333333,0.0,0,0,100.0,50.0,50.0,0,0,85.71428571,0,0,0,1,1,0,0,-1,0,0,1,0
33,21,0,2,1,0,0,0,0,0,0,0,4,0,1,0,0,0,0,1,0,0,0,0,0.0,0.0,0,0,0,0,0,2,1,0,0,0,2,0,4,3,2,3,2,7,7,2,4.25,5.0,2.0,0,0,0,0,0,0,202,0.935643564,0.064356436,0,0.0,0.230769231,1,1,87.5,100.0,0.0,0,0,18.18181818,0,0,0,1,1,0,325,2232,5487783,0,1,4
63,20,0,2,3,0,0,0,0,0,0,0,5,0,1,0,0,0,0,1,0,0,0,1,0.0,0.0,0,0,0,0,0,2,0,0,0,0,1,0,7,4,3,3,4,12,12,10,6.428571429,7.5,6.0,0,0,0,0,0,0,40,0.275,0.725,0,0.034482759,0.0,0,0,83.33333333,0.0,100.0,0,0,96.42857143,0,0,0,1,0,0,115,2077,6416,0,0,5
22,7,0,1,0,0,0,0,0,0,0,0,3,0,1,0,0,0,0,0,0,0,0,0,0.090909091,0.0,0,0,0,0,0,1,0,0,0,0,0,0,2,0,4,4,6,6,4,6,5.0,4.0,6.0,0,0,0,0,0,0,1,0.0,1.0,0,0.0,0.0,0,0,0.0,0.0,0.0,0,0,0.0,0,0,0,1,0,1,0,-1,61657,0,1,5
28,19,0,2,0,0,0,0,0,0,0,0,3,0,1,0,0,0,0,0,0,0,0,0,0.0,0.0,0,0,0,0,0,2,0,0,1,0,0,0,2,0,6,6,0,8,8,0,7.0,7.0,0.0,0,1,0,0,0,0,81,0.444444444,0.5555555560000001,0,0.0,0.0,0,1,11.76470588,33.33333333,66.66666667,0,0,30.0,0,0,0,1,1,0,373,7296,1726750,0,0,5
27,19,0,2,0,0,0,0,0,0,0,0,3,0,1,0,0,0,0,1,0,0,0,1,0.0,0.0,0,0,0,0,0,2,0,0,0,0,0,0,2,3,3,3,0,11,11,0,7.0,7.0,0.0,0,0,0,0,0,0,64,0.640625,0.359375,0,0.173913043,0.086956522,0,1,66.66666667,12.5,87.5,0,0,9.090909091,0,0,0,1,1,0,201,1626,0,0,0,0
52,11,0,3,0,0,0,0,0,1,0,0,5,0,1,0,0,0,0,0,0,0,0,1,0.076923077,0.0,0,0,0,0,0,3,0,1,0,0,1,0,6,1,2,5,2,11,5,11,5.666666667,5.0,5.8,0,0,0,0,0,0,15,0.666666667,0.333333333,0,0.2,0.0,0,1,83.33333333,100.0,0.0,0,0,0.0,0,0,0,1,1,0,366,-1,4439212,0,1,2
39,31,0,2,0,0,0,0,0,0,0,0,3,0,1,0,0,0,0,0,0,0,0,1,0.0,0.0,0,0,0,0,0,2,0,0,0,0,1,0,2,2,11,11,0,15,15,0,13.0,13.0,0.0,1,0,0,0,0,2,47,0.0,1.0,1,0.0,0.319148936,0,1,0.0,0.0,0.0,0,0,0.0,0,0,0,1,0,0,242,1950,341948,0,1,1
26,18,0,2,0,0,0,0,0,0,0,0,3,0,1,0,0,0,0,0,0,0,0,1,0.0,0.0,0,0,0,0,0,2,0,0,0,0,1,0,2,0,2,2,0,12,12,0,7.0,7.0,0.0,0,0,0,0,0,0,26,0.346153846,0.653846154,0,0.470588235,0.0,1,1,0.0,42.85714286,57.14285714,0,0,0.0,0,0,0,1,0,0,199,-1,25345,0,0,2
36,29,0,2,0,0,0,0,0,0,0,0,2,0,1,0,0,0,0,0,0,0,0,1,0.0,0.0,0,0,0,0,0,2,0,0,0,0,1,0,2,2,6,6,0,18,18,0,12.0,12.0,0.0,0,1,0,0,0,0,16,0.8125,0.1875,0,0.333333333,0.333333333,0,0,100.0,100.0,0.0,0,0,76.92307692,0,0,0,1,0,0,1047,5161,0,0,0,8
40,32,0,2,1,0,0,0,0,0,0,0,3,0,1,0,0,0,0,0,0,0,0,1,0.0,0.0,0,0,0,0,0,2,1,0,0,0,0,0,3,0,6,6,0,11,11,0,8.333333332999999,8.333333332999999,0.0,2,0,0,0,0,2,22,0.909090909,0.090909091,0,0.0,0.0,0,0,88.88888889,0.0,100.0,0,0,0.0,0,0,0,1,1,1,0,539,2368593,0,1,0
135,13,0,1,2,0,1,1,2,2,0,0,12,0,1,0,1,0,0,0,0,0,0,1,0.037037037,0.0,0,0,0,0,0,1,1,0,0,0,0,0,17,9,2,10,2,10,10,10,6.294117647,10.0,6.0625,3,0,0,0,0,0,22,0.8636363640000001,0.1363636359999999,1,0.0,0.0,0,1,80.0,100.0,0.0,0,0,100.0,0,0,0,1,1,0,318,777,0,0,1,1
85,18,0,2,8,0,0,0,0,0,0,0,5,0,1,0,0,0,0,1,0,0,0,1,0.164705882,0.0,0,0,0,0,0,2,0,0,0,0,1,0,12,4,2,3,2,14,10,14,5.166666667,6.5,4.9,0,0,0,0,0,0,99,0.686868687,0.313131313,0,0.0,0.0,0,1,30.0,100.0,0.0,0,0,55.31914894,0,0,0,1,1,0,120,7551,7947,0,0,6
46,21,0,2,0,0,0,0,0,0,0,1,3,0,1,0,0,0,1,1,0,0,0,1,0.043478261,0.0,0,0,0,0,0,2,0,0,0,0,1,0,4,4,3,3,6,13,13,10,8.0,8.0,8.0,0,0,0,0,0,0,190,0.6315789470000001,0.368421053,2,0.0,0.0,0,1,61.11111111,100.0,0.0,0,0,10.60606061,0,0,0,1,1,0,1865,6900,11507,0,1,5
48,23,0,4,1,0,0,0,0,0,0,0,5,0,1,0,0,0,0,0,0,0,0,1,0.0,0.0,0,0,0,0,0,3,1,0,0,0,1,0,7,0,2,5,2,6,6,5,4.285714286,5.666666667,3.25,1,0,0,0,0,0,0,0.0,0.0,0,0.0,0.0,0,0,0.0,0.0,0.0,0,0,0.0,0,0,1,1,0,0,358,7,0,0,1,0
38,21,0,2,0,0,0,0,0,0,0,0,5,0,1,0,0,0,0,1,0,0,0,1,0.026315789,0.0,0,0,0,0,0,2,0,0,0,0,0,0,4,3,2,3,2,13,13,5,5.75,8.0,3.5,0,0,0,0,0,1,0,0.0,0.0,0,0.0,0.0,0,0,0.0,0.0,0.0,0,0,0.0,0,0,1,1,0,0,293,3437,0,0,1,1
73,41,0,7,2,0,0,0,0,0,0,0,6,0,2,0,0,0,0,0,0,0,0,0,0.04109589,0.073170732,0,0,0,0,0,3,0,0,1,0,0,0,10,3,1,1,1,9,9,6,4.8,5.333333333,4.0,1,0,0,0,0,0,22,0.181818182,0.818181818,1,0.166666667,0.0,0,1,0.0,16.66666667,83.33333333,0,0,25.0,0,0,0,1,1,0,228,5616,5528499,0,1,5
81,16,0,1,7,0,0,0,0,0,0,0,7,0,1,0,0,0,0,0,0,0,0,0,0.098765432,0.0,0,0,0,0,0,1,1,0,0,0,0,0,12,3,2,5,2,10,6,10,4.75,5.5,4.6,0,0,0,0,0,0,145,0.84137931,0.15862069,2,0.260869565,0.0,0,1,50.0,0.0,0.0,0,1,91.52542373,0,0,0,1,0,0,286,3366,219637,0,0,5
37,18,0,2,0,0,0,0,0,0,0,0,3,0,1,0,0,0,0,1,0,0,0,1,0.0,0.0,0,0,0,0,0,2,0,0,0,0,2,0,3,3,3,3,11,11,10,11,8.0,6.5,11.0,0,0,0,0,0,0,23,0.739130435,0.260869565,2,0.0,0.0,0,1,60.0,0.0,0.0,0,0,100.0,0,0,0,1,1,0,28,8227,0,0,0,5
49,12,0,2,2,0,0,0,0,0,0,0,4,0,1,0,0,0,0,1,0,0,0,1,0.0,0.0,0,0,0,0,0,2,0,0,0,0,2,0,6,3,3,3,5,8,4,8,5.5,3.5,6.5,0,1,0,0,0,0,38,1.0,0.0,0,0.0,0.0,0,0,100.0,100.0,0.0,0,0,100.0,0,0,0,0,1,0,192,8941,33,0,1,7
409,25,1,3,17,0,1,0,1,1,0,0,4,0,1,0,0,0,0,0,0,0,0,1,0.202933985,0.32,0,0,0,0,0,3,0,0,0,0,3,0,25,10,2,2,2,64,9,64,14.96,6.333333333,16.13636364,0,0,0,0,0,0,4,0.25,0.75,0,1.0,0.0,0,1,0.0,100.0,0.0,0,0,0.0,0,0,0,1,1,0,271,4112,7751,0,1,4
58,17,0,3,2,0,0,0,0,0,0,0,3,0,1,0,0,0,0,1,0,0,0,1,0.0,0.0,0,0,0,0,0,3,0,0,1,0,1,0,6,4,3,3,4,10,9,10,7.0,6.0,7.5,0,0,0,0,0,0,123,0.926829268,0.073170732,0,0.222222222,0.0,0,0,100.0,100.0,0.0,0,0,40.0,0,0,0,1,0,0,3226,4444,59591,0,0,4
96,15,0,2,4,0,1,0,1,0,0,0,6,0,1,0,0,0,0,0,0,0,0,0,0.041666667,0.0,0,0,0,0,0,2,0,0,0,0,0,0,11,3,1,4,1,14,6,14,6.6363636360000005,5.0,7.0,0,1,0,0,0,0,10,0.7,0.3,0,0.0,0.0,0,1,66.66666667,100.0,0.0,0,0,100.0,0,0,0,0,1,0,2974,8348,1,0,1,10
57,21,0,2,0,0,0,0,0,1,0,0,4,0,2,0,0,0,0,0,1,0,0,0,0.0,0.0,0,0,0,0,0,2,0,0,0,0,0,0,6,1,4,7,4,9,9,8,6.666666667,8.0,6.0,0,0,0,0,0,0,194,0.726804124,0.273195876,0,0.132075472,0.0,0,0,100.0,100.0,0.0,0,0,7.01754386,0,0,0,0,1,0,598,6342,294,0,0,5
52,16,0,2,0,0,1,0,1,0,0,1,3,0,1,0,0,0,1,1,0,0,0,1,0.115384615,0.0,0,0,0,0,0,2,0,0,1,0,1,0,6,6,3,3,3,12,8,12,6.0,5.5,6.25,0,0,0,0,0,0,0,0.0,0.0,0,0.0,0.0,0,0,0.0,0.0,0.0,0,0,0.0,0,0,1,1,0,0,92,2100,0,0,1,0
165,21,1,4,5,1,0,2,1,0,0,0,3,0,1,0,2,0,0,1,0,0,0,1,0.345454545,0.0,0,0,0,0,0,3,0,0,0,0,0,0,14,13,2,3,2,23,14,23,10.14285714,8.5,10.41666667,1,0,0,0,0,0,31,0.483870968,0.516129032,0,0.4375,0.625,0,1,66.66666667,100.0,0.0,0,0,0.0,0,0,0,1,1,0,553,-1,0,0,1,0
68,22,0,3,0,0,0,0,0,2,0,0,6,0,1,0,0,0,0,1,0,0,0,1,0.058823529,0.0,0,0,0,0,0,3,0,0,0,0,0,0,9,4,2,3,2,14,14,9,5.444444444,8.5,4.571428571,0,0,0,0,0,0,91,1.0,0.0,0,0.0,0.0,0,0,0.0,100.0,0.0,0,0,100.0,0,0,0,1,0,0,684,7351,0,0,0,4
29,14,0,2,0,0,0,0,0,0,0,0,4,0,1,0,0,0,0,1,0,0,0,1,0.0,0.0,0,0,0,0,0,2,0,0,0,0,0,0,3,3,3,3,6,6,6,6,5.0,4.5,6.0,1,0,0,0,0,0,5,0.4,0.6,0,0.666666667,0.0,0,1,0.0,50.0,50.0,0,0,0.0,0,0,0,1,0,0,248,5230,0,0,1,0
72,36,0,2,1,0,0,0,0,0,0,0,4,0,1,0,0,0,0,0,0,0,0,1,0.0,0.0,0,0,0,0,0,2,0,0,1,0,1,0,5,1,7,10,7,21,21,10,11.4,15.5,8.666666667000001,0,0,0,0,0,0,79,0.569620253,0.430379747,1,0.117647059,0.029411765,0,1,52.94117647,9.090909091,90.90909091,0,0,60.60606061,0,0,0,1,0,0,130,7619,2192,0,0,5
41,20,0,1,0,0,0,0,0,0,0,0,5,0,1,0,0,0,0,0,0,0,0,1,0.0,0.0,0,0,0,0,0,1,0,0,0,0,0,0,3,1,4,16,4,16,16,7,9.0,16.0,5.5,0,0,0,0,0,0,0,0.0,0.0,0,0.0,0.0,0,0,0.0,0.0,0.0,0,0,0.0,0,0,1,1,0,0,113,4270,0,0,1,0
59,16,0,2,0,0,0,0,0,2,0,0,4,0,1,0,0,0,0,0,0,0,0,0,0.0,0.0,0,0,0,0,0,2,0,0,0,0,0,0,6,0,2,2,4,13,9,13,7.0,5.5,7.75,0,1,0,0,0,0,495,0.919191919,0.0808080809999999,0,0.5,0.025,0,0,100.0,100.0,0.0,0,0,73.33333333,0,0,0,0,1,0,902,7133,12,0,0,7
59,19,0,4,0,0,1,0,1,0,0,0,5,0,1,0,0,0,0,0,0,0,0,1,0.016949153,0.0,0,0,0,0,0,3,0,0,0,0,0,0,6,2,3,12,3,12,12,7,6.333333333,12.0,5.2,1,0,0,0,0,0,1,1.0,0.0,0,0.0,0.0,0,0,0.0,0.0,0.0,0,0,0.0,0,0,0,1,0,0,13,-1,0,0,1,0
45,24,0,4,0,0,0,0,0,0,0,0,4,0,1,0,0,0,0,1,0,0,0,0,0.0,0.0,0,0,0,0,0,3,0,0,0,0,1,0,5,3,2,3,2,13,13,5,5.2,8.0,3.333333333,0,0,0,0,0,0,1,1.0,0.0,0,0.0,0.0,0,0,0.0,100.0,0.0,0,0,0.0,0,0,0,1,0,0,210,885,0,0,1,0
83,22,1,3,0,0,1,1,2,0,0,0,4,0,1,0,0,0,0,0,0,0,0,1,0.506024096,0.545454545,0,0,0,0,0,3,0,0,0,0,0,0,9,7,1,1,1,32,11,32,7.1111111110000005,5.333333333,8.0,0,0,0,0,0,0,4,1.0,0.0,0,0.0,0.0,0,0,100.0,100.0,0.0,0,0,0.0,0,0,1,1,0,0,563,6741,32679,0,1,2
123,11,0,5,8,1,2,0,2,0,0,0,6,0,2,0,0,0,0,0,2,1,1,0,0.162601626,0.0,0,0,1,0,0,3,0,0,0,0,2,0,21,3,1,1,1,13,5,13,4.2380952380000005,3.0,4.3684210530000005,0,0,0,0,0,0,21,0.428571429,0.571428571,0,0.75,0.0,0,0,0.0,100.0,0.0,0,0,0.0,0,0,0,1,1,0,2815,6316,6412,0,0,6
75,22,0,3,0,0,0,0,0,1,0,0,4,0,1,0,0,0,0,1,0,0,0,1,0.0,0.0,0,0,0,0,0,3,0,0,0,0,0,0,6,4,3,3,3,27,14,27,9.833333333,8.5,10.5,0,0,0,0,0,0,0,0.0,0.0,0,0.0,0.0,0,0,0.0,0.0,0.0,0,0,0.0,0,0,1,1,1,0,149,6425,1883099,0,0,5
56,28,1,2,0,0,0,0,0,0,0,0,5,0,1,0,0,0,0,0,0,0,0,1,0.125,0.25,0,0,0,0,0,2,0,0,0,0,0,0,5,1,1,10,1,15,13,15,8.2,11.5,6.0,0,0,0,0,0,2,50,0.94,0.06,1,0.0,0.0,0,1,96.0,0.0,0.0,0,0,0.0,0,0,1,1,0,0,1373,4471,265,0,1,4
61,17,0,3,3,0,0,0,0,0,0,0,3,0,1,0,0,0,0,1,0,0,0,1,0.0,0.0,0,0,0,0,0,3,0,0,1,0,1,0,7,6,3,3,4,10,9,10,6.285714286,6.0,6.4,0,0,0,0,0,0,261,0.7279693490000001,0.272030651,0,0.0,0.056338028,0,1,20.93023256,100.0,0.0,0,0,100.0,0,0,0,0,0,0,231,6708,67890,0,0,5
77,18,0,3,0,0,0,0,0,1,0,0,6,0,1,0,0,0,0,1,0,0,0,0,0.051948052,0.0,0,0,0,0,0,3,0,0,0,0,0,0,8,6,3,3,3,15,10,15,7.25,6.5,7.5,1,0,0,0,0,0,0,0.0,0.0,0,0.0,0.0,0,0,0.0,0.0,0.0,0,0,0.0,0,0,1,1,1,0,91,7748,40610,0,1,5
55,20,0,2,3,0,0,0,0,0,0,0,5,0,1,0,0,0,0,1,0,0,0,1,0.0,0.0,0,0,0,0,0,2,0,0,0,0,1,0,7,5,2,3,2,12,12,8,5.285714286,7.5,4.4,0,0,0,0,0,0,291,0.9003436429999999,0.099656357,0,0.103448276,0.172413793,1,0,30.0,100.0,0.0,0,0,22.22222222,0,0,0,1,1,0,91,5657,11681,0,0,5
328,38,1,3,9,0,1,4,5,4,0,3,7,0,1,0,0,0,0,0,0,0,0,0,0.256097561,0.0,0,0,0,0,0,3,1,0,1,0,0,0,32,5,1,2,1,43,20,43,8.84375,10.66666667,8.655172413999999,0,0,0,0,0,0,11,0.272727273,0.727272727,0,0.0,0.0,1,1,16.66666667,100.0,0.0,0,0,0.0,0,0,0,1,0,0,381,8019,0,0,1,4
62,27,0,3,1,0,0,0,0,0,0,0,5,0,1,0,0,0,0,1,0,0,0,0,0.0,0.0,0,0,0,0,0,3,1,0,0,0,0,0,7,3,2,3,2,19,19,8,6.285714286,11.0,4.4,2,0,0,0,0,0,0,0.0,0.0,0,0.0,0.0,0,0,0.0,0.0,0.0,0,0,0.0,0,0,1,1,0,0,112,253,0,0,1,0
45,17,0,2,0,0,0,0,0,0,0,0,6,0,1,0,0,0,0,1,0,0,0,1,0.0,0.0,0,0,0,0,0,2,0,0,0,0,0,0,5,3,3,3,5,9,9,6,5.8,6.0,5.666666667,0,0,0,0,0,0,28,1.0,0.0,0,0.0,0.0,0,0,100.0,0.0,0.0,0,0,100.0,0,0,0,1,1,0,361,-2,0,0,1,0
56,20,0,5,0,0,0,0,0,0,0,0,6,0,1,0,0,0,0,1,0,0,0,1,0.1785714289999999,0.0,0,0,0,0,0,3,0,0,0,0,0,0,8,5,2,3,2,12,12,6,4.625,7.5,3.666666667,0,0,0,0,0,0,17,0.882352941,0.117647059,0,1.0,0.0,0,1,88.88888889,0.0,0.0,0,0,100.0,0,0,0,1,0,0,197,7473,0,0,1,4
19,12,0,2,0,0,0,0,0,0,0,0,2,0,1,0,0,0,0,0,0,0,0,1,0.0,0.0,0,0,0,0,0,2,0,0,0,0,0,0,1,0,5,5,0,5,5,0,5.0,5.0,0.0,0,0,0,0,0,0,134,0.932835821,0.067164179,0,0.0,0.0,0,0,100.0,100.0,0.0,0,0,70.96774194,0,0,0,1,1,0,237,-1,584195,0,0,2
35,20,0,2,2,0,0,0,0,0,0,0,5,0,1,0,0,0,0,0,0,0,0,1,0.0,0.0,0,0,0,0,0,2,0,0,0,0,0,0,2,1,3,14,3,14,14,3,8.5,14.0,3.0,1,0,0,0,0,0,6,1.0,0.0,0,0.0,0.0,0,0,100.0,0.0,0.0,0,0,0.0,0,0,0,1,0,0,578,6362,10517682,0,1,0
35,26,0,2,0,0,0,0,0,0,0,0,3,0,1,0,0,0,0,1,0,0,0,0,0.0,0.0,0,0,0,0,0,2,0,0,0,0,0,0,2,3,3,3,0,18,18,0,10.5,10.5,0.0,0,0,0,0,0,0,111,0.720720721,0.279279279,1,0.064516129,0.258064516,0,1,92.30769231,0.0,100.0,0,0,61.53846154,0,0,0,1,1,0,985,8145,0,0,0,3
42,18,0,2,0,0,0,0,0,0,0,0,5,0,1,0,0,0,0,0,0,0,0,1,0.0,0.0,0,0,0,0,0,2,0,0,0,0,1,0,3,2,4,12,4,12,12,10,8.666666667000001,12.0,7.0,0,0,0,0,0,0,130,0.884615385,0.115384615,1,0.133333333,0.0,0,1,95.65217391,75.0,25.0,0,0,21.42857143,0,0,0,1,1,0,670,-1,8902890,0,1,4
39,14,0,2,0,0,0,0,0,1,0,0,4,0,1,0,0,0,0,0,0,1,0,1,0.0,0.0,0,0,0,0,0,2,0,0,0,0,0,0,4,0,3,10,3,10,10,6,6.0,10.0,4.666666667,0,0,0,0,0,0,0,0.0,0.0,0,0.0,0.0,0,0,0.0,0.0,0.0,0,0,0.0,0,0,1,1,0,0,62,304,0,0,1,0
56,16,0,2,0,0,0,0,0,3,0,0,4,0,1,0,0,0,0,1,1,0,0,1,0.0,0.0,0,0,1,0,0,2,0,0,0,0,1,0,7,4,2,3,2,8,8,7,5.571428571,5.5,5.6,0,0,0,0,0,0,55,0.854545455,0.145454545,0,0.0,0.0,0,1,81.81818182,100.0,0.0,0,0,72.22222222,0,0,0,0,1,0,168,2388,1625,0,1,6
58,16,0,2,0,0,0,0,0,3,0,0,4,0,1,0,0,0,0,0,0,0,0,0,0.0,0.0,0,0,0,0,0,2,0,0,0,0,0,0,7,0,2,2,3,10,9,10,5.714285714,5.5,5.8,0,1,0,0,0,0,156,0.942307692,0.057692308,0,0.5555555560000001,0.0,0,0,100.0,100.0,0.0,0,0,35.71428571,0,0,0,1,1,0,905,7130,12,0,0,7
26,12,0,1,1,0,0,0,0,0,0,0,3,0,1,0,0,0,0,0,0,0,0,1,0.0,0.0,0,0,0,0,0,1,1,0,0,0,1,0,3,1,3,3,6,6,4,6,4.333333333,3.5,6.0,0,0,0,0,0,0,8,0.0,1.0,1,0.125,0.0,1,1,0.0,0.0,100.0,0,0,0.0,0,0,0,1,0,0,723,7,0,0,0,0
100,28,0,2,8,0,0,0,0,0,0,0,4,0,1,0,0,0,0,0,1,0,0,1,0.0,0.0,0,0,0,1,0,2,0,0,1,0,2,0,12,1,3,10,3,13,13,10,6.5,11.5,5.5,0,0,0,0,0,0,95,0.652631579,0.347368421,1,0.060606061,0.0,0,1,50.0,6.666666667,93.33333333,0,0,84.09090909,0,0,0,1,0,0,130,7618,2192,0,1,5
27,20,0,2,0,0,0,0,0,0,0,0,2,0,1,0,0,0,0,0,0,0,0,1,0.0,0.0,0,0,0,0,0,2,0,0,0,0,1,0,1,0,13,13,0,13,13,0,13.0,13.0,0.0,0,0,0,0,0,0,145,0.944827586,0.055172414,0,0.75,0.0,0,0,95.65217391,97.43589744,2.564102564,0,0,72.72727273,0,0,0,1,1,0,0,-1,0,0,0,1
162,15,1,6,1,0,1,3,2,3,0,0,4,0,1,0,0,0,0,0,0,0,0,1,0.265432099,0.0,0,0,0,0,0,3,0,0,0,0,0,0,16,5,1,11,1,30,11,30,8.375,11.0,8.2,1,0,0,0,0,0,12,1.0,0.0,0,0.0,0.0,0,0,100.0,100.0,0.0,0,0,100.0,0,0,0,1,1,0,190,-2,696261,0,1,3
81,27,1,2,0,0,0,0,0,0,0,0,5,0,1,0,0,0,0,1,0,0,0,1,0.259259259,0.0,0,0,0,0,0,2,0,0,0,0,1,0,5,4,2,3,2,32,19,32,13.2,11.0,14.66666667,0,0,0,0,0,0,30,0.966666667,0.033333333,0,0.0,0.0,0,0,100.0,80.0,20.0,0,0,100.0,0,0,0,1,0,0,77,5767,0,0,1,2
37,23,0,2,0,0,0,0,0,0,0,0,4,0,1,0,0,0,0,0,0,0,0,1,0.108108108,0.0,0,0,0,0,0,2,0,0,0,0,2,0,4,0,1,5,1,13,13,4,5.75,9.0,2.5,0,1,0,0,0,0,349,0.88252149,0.11747851,2,0.0,0.0,0,1,16.66666667,11.11111111,88.88888889,0,0,86.45833333,0,0,0,1,1,0,325,4057,98,0,1,5
76,50,1,4,1,0,0,0,0,0,0,0,4,0,1,0,0,0,0,0,1,0,0,1,0.144736842,0.0,0,0,0,1,0,3,1,0,0,0,1,0,7,3,2,3,2,15,13,15,8.428571429,8.4,8.5,0,0,0,0,0,0,4,1.0,0.0,0,0.0,0.0,0,0,100.0,0.0,0.0,0,0,100.0,0,0,0,1,0,0,15,4003,5816617,0,1,0
38,14,0,2,0,0,0,0,0,0,0,0,4,0,1,0,0,0,0,1,0,0,0,0,0.0,0.0,0,0,0,0,0,2,0,0,0,0,0,0,4,4,3,3,6,8,6,8,5.75,4.5,7.0,0,1,0,0,0,0,134,0.970149254,0.029850746,0,0.75,0.0,0,0,50.0,50.0,50.0,0,0,93.75,0,0,0,0,0,0,1047,5161,114,0,1,8
70,12,0,5,0,0,2,0,2,0,0,0,6,0,1,0,0,0,0,0,0,0,0,1,0.114285714,0.0,0,0,0,0,0,3,0,0,0,0,0,0,12,1,1,7,1,12,7,12,3.833333333,7.0,3.545454545,0,0,0,0,1,0,0,0.0,0.0,0,0.0,0.0,0,0,0.0,0.0,0.0,0,0,0.0,0,0,1,1,0,0,98,3386,0,0,1,1
24,16,0,2,0,0,0,0,0,0,0,0,3,0,1,0,0,0,0,1,0,0,0,1,0.0,0.0,0,0,0,0,0,2,0,0,0,0,1,0,2,3,3,3,0,9,9,0,6.0,6.0,0.0,0,0,0,0,0,0,14,0.571428571,0.428571429,1,0.0,0.0,0,1,66.66666667,0.0,0.0,0,0,57.14285714,0,0,0,0,0,0,253,2303,0,0,0,0
47,10,1,2,1,0,0,0,0,0,0,0,5,0,1,0,0,0,0,0,0,0,0,1,0.404255319,0.0,0,0,0,0,0,2,1,1,0,0,0,0,6,1,3,3,3,10,3,10,5.333333333,3.0,6.5,0,0,0,0,0,0,239,0.928870293,0.071129707,4,0.0,0.764705882,0,1,0.0,16.66666667,83.33333333,0,0,100.0,0,0,0,1,1,1,0,199,0,0,0,0
46,23,0,3,0,0,0,0,0,0,0,0,4,0,1,0,0,0,0,1,0,0,0,1,0.0,0.0,0,0,0,0,0,3,0,0,0,0,0,0,5,3,3,3,3,16,16,5,6.4,9.5,4.333333333,1,0,0,0,0,0,42,1.0,0.0,0,0.0,0.0,0,0,100.0,100.0,0.0,0,0,100.0,0,0,0,1,1,0,301,1525,0,0,1,0
33,12,1,2,0,0,1,0,0,0,0,0,3,0,1,0,0,0,0,1,0,0,0,1,0.212121212,0.0,0,0,0,0,0,2,0,1,0,0,2,0,4,3,3,3,5,7,4,7,4.75,3.5,6.0,0,1,0,0,0,0,555,0.742342342,0.257657658,4,0.006993007,0.006993007,0,1,0.0,1.351351351,98.64864865,0,0,66.66666667,0,0,0,0,0,0,1257,8969,70,0,0,8
37,14,0,2,0,0,0,0,0,0,0,0,5,0,1,0,0,0,0,0,0,0,0,1,0.0,0.0,0,0,0,0,0,2,0,0,0,0,1,0,3,2,6,7,6,7,7,7,6.666666667,7.0,6.5,2,0,0,0,0,0,4,1.0,0.0,0,0.0,0.0,0,0,100.0,0.0,0.0,0,0,100.0,0,0,0,1,0,1,0,-1,0,0,1,0
40,31,0,2,1,0,0,0,0,0,0,0,3,0,1,0,0,0,0,0,0,0,0,0,0.075,0.096774194,0,0,0,0,0,2,1,0,0,0,0,0,3,4,5,5,0,13,13,0,8.333333332999999,8.333333332999999,0.0,0,0,0,0,0,0,45,0.466666667,0.533333333,2,0.083333333,0.25,0,1,53.33333333,20.0,80.0,0,0,0.0,0,0,0,1,0,0,644,1546,4669,0,1,2
61,18,0,2,3,0,0,0,0,0,0,0,3,0,1,0,0,0,0,0,0,0,0,0,0.0,0.0,0,0,0,0,0,2,1,1,0,0,2,0,6,1,3,3,9,12,5,12,7.333333333,4.0,10.66666667,0,0,0,0,0,0,22,0.727272727,0.272727273,0,0.0,0.0,0,1,60.0,100.0,0.0,0,0,0.0,0,0,0,1,0,0,26,5452,125976,0,1,3
86,13,0,3,4,0,0,0,0,0,0,0,10,0,1,0,0,0,0,1,0,0,0,1,0.081395349,0.0,0,0,0,0,0,3,0,0,0,0,1,0,15,4,1,3,1,8,5,8,4.066666667,4.0,4.076923077,0,0,0,0,0,0,129,0.914728682,0.085271318,0,0.363636364,0.090909091,0,0,100.0,100.0,0.0,0,0,71.79487179,0,0,0,0,0,1,659,12126,1001,0,0,7
72,22,0,5,1,1,0,0,0,0,0,0,4,0,1,0,0,0,0,0,1,0,0,0,0.0,0.0,0,0,1,0,0,3,1,0,0,0,0,0,9,1,2,7,2,10,10,9,5.777777778,8.5,5.0,1,0,0,0,0,0,20,1.0,0.0,0,0.0,0.0,0,0,100.0,100.0,0.0,0,0,100.0,0,0,0,1,0,0,173,5670,885,0,1,6
103,15,1,1,1,0,0,0,0,0,0,0,10,0,1,0,0,0,0,0,0,0,0,1,0.223300971,0.0,0,0,0,0,0,1,1,0,0,0,1,0,9,4,2,11,2,32,11,32,9.222222222,11.0,9.0,3,0,0,0,0,0,123,0.073170732,0.926829268,14,0.00877193,0.043859649,1,1,3.846153846,0.0,100.0,0,0,16.66666667,0,0,0,1,1,0,144,2048,0,0,1,0
215,12,1,4,0,0,1,9,6,0,0,3,5,0,1,0,9,0,3,0,0,0,0,1,0.195348837,0.75,0,0,1,1,1,3,0,0,0,0,0,0,31,4,1,2,1,22,3,22,6.161290322999999,2.25,6.7407407410000015,3,0,0,0,0,2,25,0.16,0.84,0,0.428571429,0.380952381,1,1,0.0,0.0,100.0,0,0,30.76923077,0,0,0,1,1,1,0,-1,0,1,1,0
72,10,1,1,1,0,0,0,0,0,0,0,8,0,2,0,0,0,0,1,0,0,1,1,0.097222222,0.0,0,0,0,0,0,1,1,0,0,0,0,0,7,6,3,6,3,14,6,14,7.571428571,6.0,7.833333333,0,0,0,0,0,0,1,1.0,0.0,0,0.0,0.0,0,0,100.0,0.0,0.0,0,0,0.0,0,0,1,1,0,0,130,3523,6293523,0,1,1
50,21,0,3,1,0,0,0,0,0,0,0,3,0,1,0,0,0,0,1,0,0,0,1,0.08,0.19047619,0,0,0,0,0,3,0,0,0,0,1,0,5,6,3,3,3,13,13,11,7.0,8.0,6.333333333,0,0,0,0,0,0,303,0.881188119,0.118811881,3,0.055555556,0.027777778,1,1,0.0,0.0,100.0,0,0,33.33333333,0,0,0,1,0,0,1201,7876,5851,0,0,5
49,18,0,2,2,0,0,0,0,0,0,0,4,0,1,0,0,0,0,1,0,0,0,0,0.0,0.0,0,0,0,0,0,2,0,0,0,0,0,0,6,4,3,3,4,10,10,6,5.333333333,6.5,4.75,0,0,0,0,0,0,127,0.834645669,0.165354331,1,0.0,0.19047619,0,1,68.42105263,100.0,0.0,0,0,71.79487179,0,0,0,0,0,0,327,9169,599,0,0,7
33,24,0,2,0,0,0,0,0,0,0,0,3,0,1,0,0,0,0,0,0,0,0,0,0.0,0.0,0,0,0,0,0,2,0,0,0,0,0,0,2,1,9,9,0,10,10,0,9.5,9.5,0.0,0,1,0,0,0,0,56,0.196428571,0.8035714290000001,6,0.133333333,0.177777778,0,1,27.27272727,0.0,100.0,0,0,25.0,0,0,0,1,0,0,585,7449,0,0,0,8
35,15,0,2,1,0,0,0,0,0,0,0,3,0,1,0,0,0,0,1,0,0,0,1,0.0,0.0,0,0,0,0,0,2,0,1,0,0,1,0,4,3,3,3,4,7,7,7,5.25,5.0,5.5,0,0,0,0,0,0,43,0.418604651,0.581395349,0,0.32,0.04,0,0,100.0,0.0,0.0,0,0,39.02439024,0,0,0,1,0,0,334,8431,567,0,0,7
44,18,0,2,0,0,0,0,0,0,0,0,5,0,1,0,0,0,0,1,0,0,0,0,0.0,0.0,0,0,0,0,0,2,0,0,0,0,0,0,4,4,3,3,4,11,10,11,7.0,6.5,7.5,0,0,0,0,0,0,585,0.7521367520000001,0.247863248,3,0.020689655,0.0,0,1,8.0,14.28571429,85.71428571,0,0,50.0,0,0,0,0,0,0,3313,9105,1242,0,0,7
48,24,0,3,0,0,0,0,0,0,0,0,4,0,1,0,0,0,0,0,0,0,0,1,0.041666667,0.083333333,0,0,0,0,0,3,0,0,0,0,1,0,5,2,3,3,3,16,16,7,6.6,9.5,4.666666667,1,0,0,0,0,0,4,1.0,0.0,0,0.0,0.0,0,0,100.0,0.0,0.0,0,0,100.0,0,0,0,1,0,0,357,8,0,0,1,0
